RNO,Gender,Category,District,Z1Q1,Z1Q2,Z1Q3,Z1Q4,Z1Q5,Z1Q6,Z1Q7,Z1Q8,Z1Q9,Z1Q10,Z1Q11,Z1Q12,Z1Q13,Z1Q14,Z1Q15
10930,G,OBC,DISTRICT1,A,C,D,B,A,D,C,D,D,C,C,C,C,D,A
10929,G,SC,DISTRICT1,A,C,D,B,A,D,C,D,D,A,B,C,D,D,A
10927,G,OBC,DISTRICT1,D,C,B,A,B,B,C,D,D,A,D,D,D,D,B
10925,G,OBC,DISTRICT1,B,A,D,B,A,D,C,D,D,A,B,D,D,B,A
10923,G,OBC,DISTRICT1,B,B,D,B,D,A,C,A,B,A,A,D,A,C,A
10921,G,OBC,DISTRICT1,D,C,B,A,B,B,C,D,D,A,D,D,D,B,
10919,G,OBC,DISTRICT1,B,A,B,D,A,C,C,D,B,A,C,D,B,B,D
10917,G,OBC,DISTRICT1,B,A,B,D,A,C,C,D,B,C,C,D,B,B,D
10915,G,SC,DISTRICT1,A,B,C,B,D,B,C,A,C,B,A,B,C,D,A
10913,G,OBC,DISTRICT1,B,B,D,B,D,A,C,A,B,A,A,D,A,C,A
10910,G,SC,DISTRICT1,D,C,A,B,B,A,B,D,D,C,D,A,B,C,A
10908,G,ST,DISTRICT1,D,C,C,B,D,C,C,,B,B,D,D,D,C,A
10906,G,ST,DISTRICT1,B,C,C,B,A,A,C,A,D,A,B,B,A,B,D
10905,G,SC,DISTRICT1,A,B,B,B,D,C,D,B,B,B,A,A,B,D,D
10902,G,SC,DISTRICT1,A,C,B,B,D,C,C,D,D,C,C,C,A,B,D
10900,G,OBC,DISTRICT1,D,C,B,A,B,B,C,D,D,A,D,D,D,D,B
10898,B,OBC,DISTRICT1,B,C,D,B,C,A,C,D,D,C,B,B,B,C,D
10897,B,OBC,DISTRICT1,B,C,B,C,D,B,D,D,B,C,B,D,D,B,C
10894,B,SC,DISTRICT1,B,B,D,B,D,D,C,D,C,D,B,A,B,C,D
10892,B,SC,DISTRICT1,D,D,C,A,C,C,B,D,A,C,B,D,D,B,C
10890,B,OBC,DISTRICT1,D,D,C,C,A,C,B,D,A,C,B,D,D,B,C
10888,B,OBC,DISTRICT1,B,C,D,B,B,A,C,D,D,C,B,B,B,C,D
10886,B,OBC,DISTRICT1,D,C,B,B,D,D,C,D,C,D,B,A,B,C,D
10884,B,SC,DISTRICT1,B,C,D,B,B,A,B,D,D,C,B,B,D,,
10882,B,ST,DISTRICT1,B,B,D,B,D,D,C,D,C,B,B,A,B,C,D
10881,B,OBC,DISTRICT1,D,C,B,B,D,D,C,D,C,D,B,A,B,C,D
10878,B,OBC,DISTRICT1,D,D,B,B,A,C,A,D,A,C,C,B,C,C,D
10876,B,GEN,DISTRICT1,B,C,D,B,B,A,C,D,D,C,B,B,B,C,D
10873,B,SC,DISTRICT1,D,C,A,B,B,D,B,C,A,C,A,D,D,A,B
10869,B,SC,DISTRICT1,D,C,B,B,A,C,A,D,A,C,B,D,D,B,C
10866,B,GEN,DISTRICT1,D,D,B,B,A,C,A,D,A,C,C,B,C,C,D
10864,B,OBC,DISTRICT1,B,C,B,B,D,C,B,B,D,A,B,B,A,C,D
10861,B,OBC,DISTRICT1,B,C,A,D,D,C,C,D,A,B,B,D,B,C,C
10858,B,OBC,DISTRICT1,C,B,D,A,C,D,B,A,C,B,B,C,A,D,C
10854,B,GEN,DISTRICT1,B,A,B,B,C,A,B,C,D,A,B,C,A,D,A
10851,B,OBC,DISTRICT1,B,A,C,A,D,C,D,B,C,A,D,A,B,C,B
10849,G,SC,DISTRICT1,B,C,B,D,B,A,D,B,D,C,B,D,C,D,B
10845,G,GEN,DISTRICT1,D,C,B,D,B,A,D,B,D,C,B,D,C,D,B
10843,B,SC,DISTRICT1,B,C,B,D,D,D,C,C,B,D,B,D,B,D,B
10839,B,SC,DISTRICT1,A,B,C,D,C,B,A,B,C,D,A,C,A,C,D
10836,B,GEN,DISTRICT1,B,A,A,B,B,B,D,A,B,D,A,A,A,D,D
10833,B,GEN,DISTRICT1,A,B,C,B,A,C,D,A,D,C,A,B,C,B,A
10827,B,SC,DISTRICT1,B,B,C,B,A,C,D,D,B,C,D,A,D,C,A
10825,B,GEN,DISTRICT1,A,C,B,B,A,C,D,D,B,B,D,A,D,C,A
10822,B,SC,DISTRICT1,A,C,B,B,A,C,D,D,B,B,D,A,D,C,A
10819,B,SC,DISTRICT1,B,A,B,B,D,A,C,B,C,D,B,A,C,C,D
10816,B,GEN,DISTRICT1,A,B,C,D,A,B,C,B,D,C,B,C,D,B,A
10813,B,OBC,DISTRICT1,B,B,C,B,A,C,D,D,B,C,D,A,D,C,A
10810,B,GEN,DISTRICT1,A,C,B,B,A,C,D,D,B,B,D,A,D,C,A
10807,B,SC,DISTRICT1,B,B,C,B,A,C,D,D,B,C,D,A,D,C,A
10801,B,OBC,DISTRICT1,A,B,C,C,D,D,A,C,B,D,C,B,B,A,D
10798,B,OBC,DISTRICT1,D,C,D,B,C,D,C,D,C,C,D,B,B,C,A
10795,B,OBC,DISTRICT1,B,A,B,C,A,C,B,D,A,B,B,C,A,D,A
10789,B,OBC,DISTRICT1,B,A,B,B,D,A,C,B,C,D,B,A,C,C,D
10782,B,OBC,DISTRICT1,B,B,A,A,D,A,B,C,D,A,C,D,A,C,B
10770,B,OBC,DISTRICT1,A,B,C,B,D,A,B,C,D,A,B,C,A,D,A
10762,B,SC,DISTRICT1,B,B,D,A,C,B,C,A,C,B,D,A,A,C,B
10758,B,OBC,DISTRICT1,B,B,C,B,D,A,C,C,C,C,B,B,D,C,D
10754,B,OBC,DISTRICT1,B,B,D,A,C,B,C,A,C,B,D,A,C,B,D
10748,B,OBC,DISTRICT1,A,C,B,D,C,A,,,,,,,,,
10744,B,SC,DISTRICT1,D,C,D,B,C,D,C,D,C,B,D,B,B,C,A
10740,B,SC,DISTRICT1,B,B,D,A,C,B,C,A,C,B,D,A,A,C,A
10736,B,GEN,DISTRICT1,A,C,B,B,A,C,D,D,B,B,D,A,D,C,A
10732,B,OBC,DISTRICT1,B,B,D,A,C,B,C,A,C,B,D,A,A,C,A
10728,G,OBC,DISTRICT1,B,B,A,B,A,C,C,D,B,C,D,A,C,B,A
10724,G,GEN,DISTRICT1,B,B,B,A,A,C,B,A,D,C,D,A,D,D,A
10720,G,OBC,DISTRICT1,B,C,D,A,B,B,C,D,D,D,D,D,D,A,A
10716,G,OBC,DISTRICT1,D,B,D,B,B,B,C,D,D,D,D,D,D,A,D
10712,G,OBC,DISTRICT1,D,B,B,A,B,A,B,D,D,D,C,D,D,D,D
10708,G,OBC,DISTRICT1,D,B,B,A,D,D,C,D,C,D,C,D,D,D,D
10704,G,OBC,DISTRICT1,B,B,A,B,C,C,C,D,B,C,A,C,D,C,A
10700,G,SC,DISTRICT1,D,B,D,B,D,A,D,B,A,D,B,C,A,D,C
10696,G,OBC,DISTRICT1,B,C,D,A,D,B,C,D,D,D,D,D,D,B,D
10692,B,OBC,DISTRICT1,D,B,D,B,B,A,C,D,D,D,D,D,D,A,D
10688,G,SC,DISTRICT1,D,C,D,B,D,A,A,B,A,B,C,B,D,C,A
10684,G,SC,DISTRICT1,D,B,A,B,D,D,B,D,D,D,C,D,D,D,D
10680,B,OBC,DISTRICT1,B,C,D,B,D,A,A,B,A,B,C,B,D,C,A
10677,B,SC,DISTRICT1,D,B,B,B,D,D,D,D,D,C,D,B,D,A,D
10672,B,SC,DISTRICT1,A,C,C,B,A,D,B,C,D,D,B,A,B,D,D
10668,B,OBC,DISTRICT1,D,C,D,B,D,A,A,B,A,B,C,B,D,C,A
10665,B,OBC,DISTRICT1,C,C,C,B,B,A,D,D,D,D,A,A,B,D,A
10661,B,OBC,DISTRICT1,A,C,D,B,D,A,A,B,A,B,C,B,D,C,A
10657,B,OBC,DISTRICT1,A,C,B,A,D,D,C,A,D,D,D,A,C,B,D
10653,B,OBC,DISTRICT1,A,D,D,B,A,C,C,D,B,D,C,B,D,D,D
10649,B,OBC,DISTRICT1,A,A,D,B,D,A,D,A,D,D,A,D,D,D,A
10645,B,GEN,DISTRICT1,D,C,C,B,D,C,C,D,A,B,D,D,D,B,D
10640,B,GEN,DISTRICT1,D,C,C,B,D,C,C,D,C,D,D,D,D,B,D
10635,B,GEN,DISTRICT1,D,A,C,C,D,C,D,D,A,C,C,B,D,C,D
10631,B,SC,DISTRICT1,A,C,D,B,D,C,A,D,D,B,B,B,D,D,D
10627,G,OBC,DISTRICT1,A,B,C,B,B,D,A,A,D,B,B,D,A,D,B
10623,G,SC,DISTRICT1,D,B,C,B,D,A,D,D,D,A,C,A,D,B,A
10619,G,SC,DISTRICT1,B,B,D,B,D,C,B,D,A,C,B,B,D,D,D
10615,G,OBC,DISTRICT1,D,B,C,B,D,C,D,D,B,C,C,B,D,B,C
10611,G,OBC,DISTRICT1,B,B,D,B,D,A,D,A,C,D,A,D,D,D,A
10607,G,OBC,DISTRICT1,B,B,D,B,B,A,D,B,A,D,D,D,A,A,A
10603,G,OBC,DISTRICT1,D,C,B,B,C,D,B,D,D,A,D,A,D,C,D
10599,G,OBC,DISTRICT1,D,A,C,B,D,D,C,B,C,D,D,D,D,C,B
10595,G,OBC,DISTRICT1,B,A,C,B,D,C,C,A,D,A,D,D,D,C,A
10902,G,SC,DISTRICT1,A,C,B,B,D,C,C,D,D,C,C,C,A,B,D
10900,G,OBC,DISTRICT1,D,C,B,A,B,B,C,D,D,A,D,D,D,D,B
10898,B,OBC,DISTRICT1,B,C,D,B,C,A,C,D,D,C,B,B,B,C,D
10592,G,OBC,DISTRICT1,A,C,B,A,D,A,C,D,A,B,D,D,B,D,A
10588,G,OBC,DISTRICT1,D,C,D,B,D,A,A,B,A,B,C,B,D,C,A
10584,B,OBC,DISTRICT1,B,B,D,B,D,A,D,A,D,D,A,D,D,D,A
10580,B,SC,DISTRICT1,A,D,D,B,A,C,C,D,B,D,C,B,D,D,D
10575,B,SC,DISTRICT1,D,C,A,B,A,A,C,D,B,D,D,B,D,C,D
10572,B,OBC,DISTRICT1,B,A,C,B,D,C,C,A,C,D,D,D,D,C,A
10568,G,OBC,DISTRICT1,D,A,D,A,A,C,D,D,B,D,A,B,D,C,D
10564,G,OBC,DISTRICT1,B,C,C,D,D,A,D,A,D,C,C,D,B,D,C
10560,G,OBC,DISTRICT1,D,B,D,A,B,D,A,D,D,B,B,A,D,C,D
10556,G,OBC,DISTRICT1,D,B,B,B,C,C,C,D,B,C,D,D,B,C,D
10552,G,OBC,DISTRICT1,D,B,B,B,C,C,C,D,B,C,D,D,B,C,D
10548,G,OBC,DISTRICT1,D,C,D,D,D,D,D,D,D,C,D,D,D,D,D
10544,G,GEN,DISTRICT1,C,A,D,A,D,D,C,D,A,D,B,A,B,C,D
10540,G,SC,DISTRICT1,B,B,D,B,A,A,D,D,A,A,A,D,D,C,D
10536,B,OBC,DISTRICT1,B,B,C,B,D,A,C,D,D,D,C,D,D,C,D
10532,B,OBC,DISTRICT1,B,B,C,B,D,A,D,D,D,D,C,D,D,C,D
10528,B,OBC,DISTRICT1,C,C,B,B,D,D,B,A,D,D,A,A,D,C,D
10524,B,OBC,DISTRICT1,A,C,B,B,A,B,C,A,D,D,A,D,B,A,D
10520,B,OBC,DISTRICT1,B,A,C,B,D,B,A,A,B,D,A,B,C,D,C
10515,B,OBC,DISTRICT1,B,B,A,D,A,A,C,A,B,D,C,B,A,B,A
10511,B,OBC,DISTRICT1,D,B,C,D,B,D,C,A,B,D,A,D,A,B,D
10508,B,OBC,DISTRICT1,A,B,D,B,C,B,D,A,C,C,B,A,B,B,A
10504,B,OBC,DISTRICT1,D,C,B,B,A,A,B,B,D,C,A,D,A,C,B
10500,B,SC,DISTRICT1,C,B,A,C,D,A,B,D,C,B,C,B,A,C,D
10496,G,OBC,DISTRICT1,B,C,B,B,C,C,C,D,B,C,B,A,D,B,C
10492,G,OBC,DISTRICT1,B,B,D,B,D,C,C,D,A,A,B,D,D,B,C
10488,G,SC,DISTRICT1,B,B,D,D,C,D,B,B,C,B,A,B,D,B,B
10484,G,SC,DISTRICT1,A,B,D,D,C,A,A,B,B,A,C,D,B,C,A
10480,G,OBC,DISTRICT1,B,B,A,B,B,D,A,B,D,A,B,A,D,C,D
10476,G,OBC,DISTRICT1,B,B,A,B,B,B,D,A,B,A,B,A,D,C,D
10470,G,OBC,DISTRICT1,D,B,A,C,D,C,B,D,A,C,C,D,D,A,A
10466,G,OBC,DISTRICT1,A,B,C,B,B,C,B,B,C,A,C,D,D,C,D
10463,G,OBC,DISTRICT1,B,B,B,D,D,D,C,A,C,C,A,B,D,C,B
10459,G,OBC,DISTRICT1,B,B,D,B,A,A,D,A,B,A,A,D,D,A,D
10455,G,OBC,DISTRICT1,B,A,B,D,C,C,A,D,C,A,D,A,C,D,D
10451,G,OBC,DISTRICT1,B,B,A,B,C,B,D,A,B,B,B,A,D,C,D
10447,B,OBC,DISTRICT1,D,B,B,B,D,D,D,B,D,B,B,D,B,A,D
10441,B,OBC,DISTRICT1,D,B,C,B,A,B,C,A,C,B,A,D,B,,B
10437,B,OBC,DISTRICT1,B,B,C,B,A,A,A,B,D,D,C,C,D,B,A
10434,B,OBC,DISTRICT1,B,B,D,B,A,A,D,A,D,A,B,D,D,D,B
10430,B,OBC,DISTRICT1,D,B,A,B,D,A,B,B,B,C,B,A,D,B,A
10426,B,OBC,DISTRICT1,B,D,B,B,A,B,D,A,B,D,A,B,C,D,D
10422,B,OBC,DISTRICT1,A,B,C,A,C,B,D,C,B,A,A,B,C,D,B
10417,B,OBC,DISTRICT1,A,B,C,A,C,B,D,C,B,A,A,B,C,D,B
10413,B,OBC,DISTRICT1,A,B,C,A,C,B,D,C,B,A,A,B,C,,B
10409,B,SC,DISTRICT1,B,B,C,B,A,A,C,D,D,C,A,D,B,D,A
10406,B,GEN,DISTRICT1,D,B,D,B,A,B,D,B,C,A,D,B,D,B,A
10402,B,OBC,DISTRICT1,D,C,B,B,D,C,C,D,C,D,B,D,D,D,C
10398,G,SC,DISTRICT1,B,C,B,B,D,D,B,A,A,D,D,D,C,B,D
10393,G,OBC,DISTRICT1,A,C,D,B,D,A,D,C,A,D,D,D,D,B,D
10390,G,OBC,DISTRICT1,D,D,A,B,C,C,C,D,C,D,C,D,D,C,A
10384,B,OBC,DISTRICT1,D,C,D,B,B,C,C,D,A,D,D,B,B,C,D
10381,B,OBC,DISTRICT1,B,B,C,B,D,D,C,C,A,D,C,A,C,C,D
10378,B,SC,DISTRICT1,B,B,C,B,D,D,C,C,A,D,C,A,C,C,D
10373,G,OBC,DISTRICT1,A,C,D,B,A,D,C,A,B,D,D,D,B,D,D
10369,G,OBC,DISTRICT1,D,C,B,D,D,C,C,D,B,A,C,D,C,C,C
10363,G,SC,DISTRICT1,B,C,A,B,C,C,C,A,A,A,C,A,C,B,D
10359,B,SC,DISTRICT1,B,C,D,B,D,C,A,A,A,C,B,A,C,B,D
10356,B,SC,DISTRICT1,B,C,B,D,B,C,D,A,A,C,B,A,C,C,D
10352,G,OBC,DISTRICT1,D,C,D,B,B,C,A,D,A,C,B,A,C,D,D
10347,G,GEN,DISTRICT1,B,B,D,B,D,C,A,A,A,C,B,A,C,D,D
10343,G,OBC,DISTRICT1,B,B,,A,C,B,,D,A,C,A,B,A,C,D
10339,G,SC,DISTRICT1,B,C,D,B,D,C,A,A,A,C,C,A,C,C,D
10335,B,OBC,DISTRICT1,C,B,A,B,B,C,C,D,B,C,C,D,D,C,B
10331,G,SC,DISTRICT1,B,C,D,D,B,D,C,D,A,,B,,D,A,B
10327,B,GEN,DISTRICT1,,B,C,D,A,D,A,D,C,B,B,D,D,C,D
10323,G,OBC,DISTRICT1,C,C,C,D,B,D,B,D,B,D,A,D,D,B,D
10319,G,OBC,DISTRICT1,B,C,A,B,B,B,C,D,D,B,B,A,D,B,A
10311,G,OBC,DISTRICT1,B,B,A,B,A,B,C,D,A,,B,D,D,A,B
10307,G,GEN,DISTRICT1,B,B,B,B,C,A,D,A,D,,D,C,D,C,B
10303,G,GEN,DISTRICT1,C,C,B,D,B,D,B,D,B,D,B,D,D,B,C
10299,G,OBC,DISTRICT1,C,C,D,D,D,D,D,B,D,A,B,D,B,A,A
10295,B,OBC,DISTRICT1,A,C,D,C,D,C,D,D,C,D,D,B,D,D,D
10293,B,OBC,DISTRICT1,A,C,D,C,D,C,D,D,D,A,D,B,D,D,D
10289,B,GEN,DISTRICT1,B,B,B,B,D,B,D,C,D,C,A,D,D,B,D
10285,B,OBC,DISTRICT1,B,D,D,C,B,A,A,D,C,C,B,A,D,C,A
10281,G,OBC,DISTRICT1,B,B,A,A,A,A,A,A,D,C,A,D,C,C,A
10277,B,OBC,DISTRICT1,B,B,B,B,B,A,A,A,C,B,A,B,B,B,D
10273,B,OBC,DISTRICT1,A,C,D,C,D,C,D,D,C,A,D,B,D,D,D
10265,B,GEN,DISTRICT1,A,B,C,D,D,C,D,A,B,D,C,A,B,A,C
10261,B,SC,DISTRICT1,B,B,C,B,A,C,A,D,A,A,A,B,B,,A
10258,B,OBC,DISTRICT1,B,C,D,B,D,C,A,A,A,C,B,A,C,A,D
10255,B,GEN,DISTRICT1,B,C,D,B,D,C,A,A,A,C,B,A,C,B,D
10250,B,OBC,DISTRICT1,,C,B,B,C,C,,D,A,A,C,B,B,D,A
10246,G,GEN,DISTRICT1,D,C,A,B,D,D,C,D,A,C,D,A,D,C,D
10242,G,SC,DISTRICT1,D,C,A,B,D,D,C,D,A,B,D,A,D,C,D
10238,B,OBC,DISTRICT1,D,C,A,D,D,C,C,D,A,B,B,A,D,C,D
10235,B,OBC,DISTRICT1,D,C,A,B,D,D,C,A,A,B,D,B,D,C,D
10230,B,OBC,DISTRICT1,D,C,A,D,D,C,C,D,A,B,B,A,D,C,D
10226,B,OBC,DISTRICT1,D,C,A,B,D,D,C,D,A,C,B,A,D,C,D
10222,G,OBC,DISTRICT1,D,C,A,B,D,D,C,D,A,B,D,A,D,C,D
10218,G,SC,DISTRICT1,D,C,A,B,D,D,C,D,A,C,D,A,D,C,C
10215,G,OBC,DISTRICT1,D,C,B,B,C,D,C,C,A,C,D,A,D,C,D
10210,B,OBC,DISTRICT1,D,C,A,B,D,D,C,D,A,B,D,A,D,C,D
10206,B,SC,DISTRICT1,D,C,A,B,D,D,C,A,A,B,D,B,D,C,D
10202,B,OBC,DISTRICT1,D,C,A,B,D,D,B,D,A,B,D,A,D,C,D
10198,G,OBC,DISTRICT1,D,C,A,B,D,D,C,D,A,C,D,A,D,C,D
10194,G,OBC,DISTRICT1,D,C,A,B,D,D,C,C,A,C,D,A,D,C,D
10190,B,SC,DISTRICT1,D,C,A,C,D,D,C,D,A,C,B,A,D,C,D
10186,B,OBC,DISTRICT1,D,C,A,B,A,D,C,D,A,C,B,A,D,C,D
10182,B,SC,DISTRICT2,B,B,B,B,B,C,C,D,D,B,D,B,D,C,D
10177,B,OBC,DISTRICT2,D,C,B,D,D,D,A,C,D,B,D,D,C,C,C
10173,B,OBC,DISTRICT2,D,C,B,B,A,A,C,A,B,B,D,D,D,C,C
10169,B,SC,DISTRICT2,D,C,B,B,A,D,C,A,B,B,D,D,D,C,C
10165,B,GEN,DISTRICT2,D,C,B,B,A,A,C,A,B,B,D,D,D,B,B
10161,B,SC,DISTRICT2,D,B,C,B,D,D,B,D,D,B,D,A,A,C,A
10157,B,SC,DISTRICT2,B,C,D,B,D,D,A,A,A,B,B,B,B,D,A
10153,B,OBC,DISTRICT2,D,B,A,B,D,D,A,D,D,A,B,B,B,D,C
10149,B,OBC,DISTRICT2,D,C,B,B,A,A,C,A,B,B,D,D,D,C,C
10145,B,OBC,DISTRICT2,C,C,D,B,C,D,B,D,D,B,B,B,C,A,A
10141,B,OBC,DISTRICT2,B,D,A,B,A,A,D,D,A,D,C,A,B,D,A
10137,B,OBC,DISTRICT2,D,B,B,B,A,A,C,A,B,B,D,,D,A,C
10133,B,ST,DISTRICT2,D,B,A,D,D,A,B,D,A,C,D,D,D,C,C
10129,B,OBC,DISTRICT2,D,C,C,B,A,A,C,A,B,B,D,D,B,C,C
10125,B,SC,DISTRICT2,D,C,B,B,A,A,C,A,B,B,D,D,D,C,C
10121,B,ST,DISTRICT2,D,C,B,B,A,A,C,A,B,B,D,D,D,B,B
10117,B,SC,DISTRICT2,D,C,D,C,D,B,A,C,A,B,D,D,C,B,B
10113,B,SC,DISTRICT2,D,C,B,B,A,A,C,A,B,C,C,D,D,C,C
10109,B,SC,DISTRICT2,D,C,B,B,A,A,C,A,B,B,D,D,D,C,C
10105,B,SC,DISTRICT2,D,B,B,B,A,A,C,A,B,B,D,D,D,C,C
10101,B,SC,DISTRICT2,B,B,C,C,D,A,C,D,D,C,C,B,B,D,A
10097,B,ST,DISTRICT2,D,D,A,B,D,C,A,D,A,C,C,D,B,D,D
10093,B,SC,DISTRICT2,D,C,A,B,D,B,D,D,A,C,C,C,D,D,A
10089,B,SC,DISTRICT2,D,C,D,B,D,D,C,D,D,B,B,D,D,C,D
10085,B,OBC,DISTRICT2,D,C,B,B,A,A,C,B,B,C,D,D,B,A,C
10081,B,SC,DISTRICT2,D,C,B,B,A,A,C,A,B,B,D,D,D,B,B
10077,B,OBC,DISTRICT2,D,C,A,B,D,C,D,C,D,A,C,B,D,C,C
10073,B,SC,DISTRICT2,D,C,A,B,D,A,C,D,D,C,C,A,C,B,B
10069,B,OBC,DISTRICT2,A,C,B,B,D,A,C,D,D,B,C,C,B,B,D
10161,B,SC,DISTRICT2,D,B,C,B,D,D,B,D,D,B,D,A,A,C,A
10157,B,SC,DISTRICT2,B,C,D,B,D,D,A,A,A,B,B,B,B,D,A
10153,B,OBC,DISTRICT2,D,B,A,B,D,D,A,D,D,A,B,B,B,D,C
10149,B,OBC,DISTRICT2,D,C,B,B,A,A,C,A,B,B,D,D,D,C,C
10065,B,OBC,DISTRICT2,D,A,D,B,A,C,C,D,A,C,C,A,C,,B
10061,B,OBC,DISTRICT2,A,C,D,B,C,C,C,D,D,C,C,B,D,C,D
10057,B,ST,DISTRICT2,C,D,D,D,A,A,C,D,D,B,D,D,D,B,D
10053,B,SC,DISTRICT2,B,A,D,B,A,C,C,D,A,C,C,A,B,B,D
10049,B,OBC,DISTRICT2,D,A,D,B,A,C,C,D,A,C,C,A,C,B,B
10045,B,OBC,DISTRICT2,A,D,C,B,D,C,D,D,D,A,C,D,B,C,A
10041,B,SC,DISTRICT2,D,D,D,B,A,A,D,B,B,B,C,A,A,C,A
10037,B,OBC,DISTRICT2,D,C,D,C,A,C,A,A,C,C,C,B,D,B,A
10029,B,ST,DISTRICT2,B,A,C,A,C,A,B,C,B,B,C,A,B,C,B
10025,B,SC,DISTRICT2,C,D,D,D,B,A,A,C,D,D,D,D,D,B,D
10021,B,SC,DISTRICT2,D,A,D,B,A,C,C,D,A,C,C,A,C,B,B
10017,B,OBC,DISTRICT2,B,A,D,B,B,C,A,A,B,B,C,B,D,C,A
10013,B,SC,DISTRICT2,A,C,B,C,A,D,A,C,B,A,C,A,D,B,C
10009,B,GEN,DISTRICT2,D,C,D,B,B,C,A,A,B,B,C,B,D,C,A
10005,B,OBC,DISTRICT2,D,A,D,D,D,A,C,A,C,C,B,B,D,C,B
10001,B,OBC,DISTRICT2,D,C,A,B,D,B,C,D,D,B,C,A,C,B,B
9997,B,SC,DISTRICT2,C,A,B,B,B,A,C,D,B,A,A,D,D,B,A
9993,B,ST,DISTRICT2,A,C,C,B,D,C,C,D,B,C,C,D,A,B,D
9989,G,SC,DISTRICT2,C,C,D,C,D,B,D,D,B,D,C,A,B,C,D
9985,B,SC,DISTRICT2,B,B,A,C,A,A,A,B,D,A,A,B,D,C,A
9981,B,SC,DISTRICT2,A,C,D,B,C,C,C,D,D,C,C,B,C,C,D
9977,G,SC,DISTRICT2,D,C,,B,D,C,B,D,C,B,C,D,A,B,C
9973,G,GEN,DISTRICT2,D,C,,B,D,C,,D,B,C,C,D,A,C,D
9969,B,OBC,DISTRICT2,A,C,B,,,,D,B,A,,,,,,C
9965,B,SC,DISTRICT2,B,B,A,B,C,C,A,C,D,B,B,A,D,B,D
9957,G,OBC,DISTRICT2,B,A,D,B,A,C,A,D,D,A,B,D,C,C,D
9953,B,SC,DISTRICT2,D,B,C,B,D,A,A,B,C,B,D,C,C,C,A
9949,G,SC,DISTRICT2,D,C,C,B,D,C,D,D,A,A,C,D,C,C,D
9945,G,OBC,DISTRICT2,B,A,D,B,A,B,A,D,D,A,C,B,D,C,C
9941,G,GEN,DISTRICT2,D,C,A,B,D,C,D,C,D,A,C,B,D,C,C
9937,B,SC,DISTRICT2,C,A,B,B,B,A,C,D,B,A,A,D,D,A,
9929,B,SC,DISTRICT2,C,D,D,B,A,A,C,D,D,B,D,D,D,B,D
9925,B,SC,DISTRICT2,C,D,D,B,A,C,B,A,D,B,D,D,C,B,D
9921,B,OBC,DISTRICT2,D,A,D,B,A,C,C,D,A,C,C,A,B,B,
9917,B,OBC,DISTRICT2,B,B,D,C,B,A,C,A,D,D,A,D,C,B,A
9914,B,SC,DISTRICT2,B,A,B,D,C,A,B,A,C,C,C,C,D,B,A
9910,B,SC,DISTRICT2,B,C,B,B,C,A,D,D,B,C,B,A,D,C,B
9906,B,SC,DISTRICT2,B,C,B,B,C,A,D,D,B,C,B,A,D,C,B
9902,B,OBC,DISTRICT2,B,C,C,B,D,D,A,A,B,D,C,B,D,A,D
9898,B,OBC,DISTRICT2,B,B,C,C,D,D,A,A,B,D,C,B,D,A,D
9894,B,SC,DISTRICT2,D,B,C,B,A,B,A,D,A,C,A,D,B,B,B
9890,B,OBC,DISTRICT2,A,C,B,C,C,C,C,B,B,B,C,C,B,A,A
9886,B,OBC,DISTRICT2,B,C,A,B,C,A,C,A,D,B,C,C,B,C,B
9882,B,GEN,DISTRICT2,B,C,B,D,A,A,D,B,A,C,A,B,C,C,D
9878,B,GEN,DISTRICT2,D,C,B,B,D,B,A,A,C,D,A,D,B,D,B
9874,B,OBC,DISTRICT2,B,C,A,B,C,A,C,A,B,B,C,C,D,A,B
9870,B,OBC,DISTRICT2,B,C,B,C,C,A,C,A,D,B,B,C,D,C,C
9866,G,OBC,DISTRICT2,B,C,A,B,B,B,D,D,D,C,C,A,B,B,B
9862,G,OBC,DISTRICT2,B,,A,C,C,B,C,D,D,D,B,A,B,B,B
9858,G,OBC,DISTRICT2,B,B,A,B,B,A,A,D,D,D,A,A,D,B,A
9854,G,OBC,DISTRICT2,B,A,C,B,D,B,B,A,B,B,D,C,A,C,C
9850,G,SC,DISTRICT2,B,C,B,B,D,B,B,A,B,B,D,C,A,C,C
9846,G,OBC,DISTRICT2,C,D,A,B,C,A,B,D,A,C,B,C,D,C,A
9842,G,OBC,DISTRICT2,D,B,D,B,A,B,A,C,B,D,D,C,B,B,A
9838,G,GEN,DISTRICT2,D,B,D,B,A,B,,C,C,D,A,B,D,B,D
9834,G,OBC,DISTRICT2,D,C,D,B,D,B,A,A,D,C,A,B,D,B,A
9830,G,OBC,DISTRICT2,D,B,C,B,D,B,D,D,D,A,C,D,B,C,D
9826,G,OBC,DISTRICT2,D,C,D,B,D,B,A,A,D,B,A,D,C,B,A
9822,G,OBC,DISTRICT2,D,C,D,B,D,B,A,A,D,C,A,B,D,B,A
9818,G,OBC,DISTRICT2,B,C,C,D,A,B,C,C,,D,D,C,B,D,D
9814,G,OBC,DISTRICT2,B,C,A,B,C,A,D,,D,D,D,C,B,C,A
9810,G,GEN,DISTRICT2,B,C,A,B,C,A,C,A,D,D,D,C,B,C,A
9806,B,OBC,DISTRICT2,C,B,B,A,A,D,C,B,A,B,A,B,A,B,A
9802,B,OBC,DISTRICT2,B,C,A,B,C,A,C,A,D,B,C,C,C,D,D
9800,B,OBC,DISTRICT2,D,C,C,B,B,B,D,A,D,D,A,B,A,B,A
9796,B,OBC,DISTRICT2,B,D,D,C,A,A,D,A,A,B,A,C,D,D,D
9792,B,GEN,DISTRICT2,B,C,A,B,C,A,C,A,D,B,C,D,D,D,D
9788,B,GEN,DISTRICT2,B,C,C,D,A,A,B,B,B,B,C,C,D,A,A
9784,G,SC,DISTRICT2,B,C,A,B,C,A,C,A,D,B,B,D,A,C,D
9778,B,GEN,DISTRICT2,B,C,A,B,C,A,C,A,D,D,D,C,B,C,D
9774,B,OBC,DISTRICT2,A,C,D,A,D,D,D,D,D,D,A,B,C,B,A
9772,G,OBC,DISTRICT2,D,C,A,B,C,A,B,D,A,D,A,D,B,D,A
9767,B,SC,DISTRICT2,D,C,C,B,B,B,D,A,D,D,A,B,,,A
9763,B,OBC,DISTRICT2,D,C,C,B,B,B,D,A,D,D,A,B,A,D,A
9760,B,SC,DISTRICT1,D,C,A,D,D,C,B,D,D,C,D,C,B,C,A
9756,B,GEN,DISTRICT1,D,C,A,D,D,C,B,A,D,D,D,C,B,C,A
9752,B,OBC,DISTRICT1,D,C,B,D,D,A,C,A,A,B,B,D,D,C,A
9748,B,OBC,DISTRICT1,D,C,B,B,D,A,B,C,A,A,C,D,D,C,A
9744,B,SC,DISTRICT1,B,C,A,D,D,A,D,C,B,C,B,B,C,D,D
9740,B,OBC,DISTRICT1,B,C,A,D,,C,D,C,B,A,B,D,A,C,B
9736,B,GEN,DISTRICT1,B,C,C,B,D,C,C,C,B,A,D,B,D,C,C
9732,B,SC,DISTRICT1,D,C,A,D,D,C,B,D,D,C,D,C,C,C,A
9728,B,OBC,DISTRICT1,A,C,C,D,B,C,C,D,B,A,B,A,D,C,C
9724,B,OBC,DISTRICT1,A,B,C,B,D,B,C,D,C,A,C,B,B,C,D
9466,G,SC,DISTRICT2,B,C,D,B,D,C,C,D,A,C,A,B,D,C,D
9462,G,OBC,DISTRICT2,B,C,D,B,D,C,C,D,A,C,A,B,D,C,D
9458,G,SC,DISTRICT2,B,C,D,B,D,C,C,D,A,C,A,B,D,C,D
9454,G,OBC,DISTRICT2,D,D,D,B,D,C,C,D,A,C,A,B,C,C,A
9450,G,SC,DISTRICT2,B,C,D,B,D,C,C,D,A,C,A,B,D,C,D
9446,G,OBC,DISTRICT2,B,C,D,B,D,C,C,D,A,C,A,B,D,C,D
9442,G,SC,DISTRICT2,,C,D,B,D,C,C,D,A,C,A,B,D,C,D
9438,G,OBC,DISTRICT2,B,C,D,B,D,C,C,D,A,C,A,B,D,C,D
9434,B,SC,DISTRICT2,B,C,D,B,D,C,C,D,A,C,A,B,D,C,D
9430,G,SC,DISTRICT2,B,C,D,B,D,C,C,D,A,C,A,B,D,C,D
9426,G,SC,DISTRICT2,B,C,D,B,D,C,C,D,A,C,A,B,D,C,D
9422,G,OBC,DISTRICT2,B,C,D,B,D,C,C,D,A,C,A,B,D,C,D
9418,G,SC,DISTRICT2,D,C,D,B,D,C,C,D,A,C,A,B,D,C,D
9414,G,SC,DISTRICT2,B,C,D,B,D,C,C,D,A,C,A,B,D,C,D
9412,G,OBC,DISTRICT2,B,C,D,B,D,C,C,D,A,C,A,B,D,C,D
9408,G,GEN,DISTRICT2,B,C,D,B,D,C,C,D,A,C,A,B,D,C,D
9404,G,SC,DISTRICT2,B,C,D,B,D,C,C,D,A,C,A,B,D,C,D
9399,G,OBC,DISTRICT2,B,C,D,B,D,C,C,D,A,C,A,B,D,C,D
9396,G,GEN,DISTRICT2,B,C,D,B,D,C,C,D,A,C,A,B,D,C,D
9391,G,SC,DISTRICT2,B,C,D,B,D,C,C,D,A,C,A,B,D,C,D
9387,G,SC,DISTRICT2,B,C,D,B,D,C,C,D,A,C,A,B,D,C,D
9383,G,ST,DISTRICT2,B,C,D,B,D,C,C,D,A,C,A,C,D,C,D
9379,G,SC,DISTRICT2,B,C,D,,D,C,,,,C,A,B,D,,D
9376,G,SC,DISTRICT2,B,C,D,B,D,C,C,D,A,D,A,B,D,C,D
9372,G,OBC,DISTRICT2,B,C,D,B,D,C,C,D,A,C,A,B,D,C,D
9367,G,SC,DISTRICT2,B,C,D,B,D,C,C,D,A,C,A,B,D,C,D
9363,G,OBC,DISTRICT2,B,C,D,B,D,C,C,D,A,C,A,B,D,C,D
9359,G,SC,DISTRICT2,B,C,D,C,D,C,C,D,B,C,A,B,C,D,D
9356,G,SC,DISTRICT2,B,C,D,B,D,C,C,D,A,C,A,B,D,C,D
9350,G,SC,DISTRICT2,B,C,D,B,D,C,C,D,A,C,A,C,D,C,D
9345,G,OBC,DISTRICT2,B,C,D,B,D,C,C,D,A,C,A,B,D,C,D
9342,G,GEN,DISTRICT2,B,C,D,B,D,C,C,D,A,C,A,B,D,C,D
9338,G,SC,DISTRICT2,B,C,D,B,D,C,C,D,B,C,B,B,D,C,D
9334,G,OBC,DISTRICT2,B,C,D,C,D,C,C,D,A,C,B,B,D,C,D
9331,G,ST,DISTRICT2,B,C,D,B,D,C,C,D,A,C,A,B,D,C,D
9327,G,OBC,DISTRICT2,B,C,D,B,D,C,C,D,A,C,A,B,D,C,D
9323,G,OBC,DISTRICT2,C,C,D,B,D,C,C,D,A,C,A,B,D,C,D
9319,G,OBC,DISTRICT2,B,C,D,B,D,C,C,D,A,C,A,B,D,C,D
9315,G,OBC,DISTRICT2,B,B,B,B,B,C,C,C,A,C,D,B,D,C,D
9311,G,SC,DISTRICT2,B,C,D,B,D,C,C,D,A,C,A,B,D,,D
9307,G,OBC,DISTRICT2,B,C,B,B,D,D,C,C,A,C,C,B,D,C,D
9303,B,GEN,DISTRICT2,B,B,B,B,D,A,C,C,A,C,C,B,D,C,D
9299,B,SC,DISTRICT2,B,C,B,B,D,D,C,C,A,C,C,B,D,B,D
9295,G,OBC,DISTRICT2,B,C,B,D,D,D,C,C,A,C,C,B,D,C,D
9289,G,OBC,DISTRICT2,B,C,B,B,D,D,C,C,A,C,C,B,D,C,D
9285,G,OBC,DISTRICT2,B,C,B,B,D,D,B,C,A,C,C,B,D,C,D
9281,B,OBC,DISTRICT2,B,C,B,B,D,D,C,C,A,C,C,B,D,C,D
9276,G,GEN,DISTRICT2,B,C,B,B,D,D,C,C,A,C,C,B,D,C,D
9273,G,SC,DISTRICT2,B,C,B,B,D,D,C,C,A,C,C,B,D,D,D
9268,G,ST,DISTRICT2,B,C,B,B,D,D,C,C,A,C,C,B,D,D,D
9264,B,SC,DISTRICT2,B,C,B,B,D,D,C,C,A,C,C,B,D,C,D
9260,B,SC,DISTRICT2,B,C,B,B,D,D,C,C,A,C,C,B,D,C,D
9256,B,SC,DISTRICT2,B,C,B,B,D,D,C,C,A,C,C,B,C,C,D
9252,B,SC,DISTRICT2,B,C,B,D,D,D,C,C,A,C,C,B,D,C,D
9249,G,SC,DISTRICT2,B,C,B,B,D,B,C,C,A,C,C,B,D,C,D
9244,G,SC,DISTRICT2,B,C,B,B,D,D,C,C,A,C,C,B,C,C,D
9240,B,GEN,DISTRICT2,B,C,B,B,B,D,C,C,A,C,C,B,D,B,D
9235,G,SC,DISTRICT2,B,C,B,B,B,D,C,C,A,C,C,B,D,B,D
9231,G,SC,DISTRICT2,B,C,B,B,D,D,C,C,A,C,C,B,D,C,D
9227,B,SC,DISTRICT2,B,C,B,B,D,D,C,C,A,C,C,B,D,D,D
9223,G,ST,DISTRICT2,B,C,B,B,D,C,C,C,A,C,C,B,B,D,D
9219,B,OBC,DISTRICT2,B,C,B,B,D,D,C,C,A,C,C,B,B,D,D
9215,B,SC,DISTRICT2,B,C,B,B,D,C,C,C,A,C,C,B,D,D,D
9211,G,SC,DISTRICT2,B,C,B,B,D,C,C,C,A,C,C,B,D,D,D
9207,G,OBC,DISTRICT2,B,C,B,B,D,D,C,C,A,C,C,B,D,C,D
9203,B,OBC,DISTRICT2,B,C,B,,D,C,C,C,A,C,C,B,D,C,D
9199,G,GEN,DISTRICT2,B,C,B,B,D,D,C,C,A,C,C,B,D,C,D
9195,B,OBC,DISTRICT2,B,C,B,B,D,D,C,C,A,C,C,B,D,C,D
9191,G,OBC,DISTRICT2,B,C,B,B,D,D,C,C,A,C,C,B,D,A,D
9187,G,OBC,DISTRICT2,B,C,B,B,D,C,C,C,A,C,C,B,D,A,D
9183,B,OBC,DISTRICT2,B,C,B,B,D,D,C,C,A,C,C,B,D,C,B
9179,B,OBC,DISTRICT2,B,C,B,B,D,B,C,D,A,C,C,B,D,C,D
9175,B,GEN,DISTRICT2,B,C,B,B,D,D,C,B,C,C,D,,,C,D
9171,B,SC,DISTRICT2,B,C,B,B,D,D,C,B,C,C,D,B,D,C,D
9165,B,OBC,DISTRICT2,A,C,B,B,D,C,C,C,B,C,C,B,B,C,D
9161,B,OBC,DISTRICT2,A,C,B,B,D,C,C,C,A,C,C,B,B,C,D
9157,G,ST,DISTRICT2,B,C,B,B,D,C,C,D,A,C,C,B,D,D,D
9153,G,OBC,DISTRICT2,B,C,B,B,D,C,C,D,A,C,B,B,D,D,D
9149,G,SC,DISTRICT2,B,C,B,B,D,D,C,C,A,C,C,B,D,C,D
9145,G,SC,DISTRICT2,B,C,B,B,D,D,C,C,A,C,C,B,D,C,D
9141,B,SC,DISTRICT2,A,C,C,B,C,B,C,D,D,C,D,D,D,B,D
9137,B,SC,DISTRICT2,A,C,C,B,C,B,C,D,D,C,D,D,D,B,D
9133,B,SC,DISTRICT2,A,B,A,B,B,C,B,B,A,B,A,B,C,D,A
9129,B,GEN,DISTRICT2,A,B,A,D,A,B,A,B,D,A,B,D,B,B,A
9125,G,OBC,DISTRICT2,B,C,B,A,C,D,B,B,A,A,A,D,B,D,A
9121,B,SC,DISTRICT2,B,C,A,B,D,B,A,D,D,D,C,A,D,C,D
9117,G,SC,DISTRICT2,D,C,B,D,A,B,A,D,B,D,B,C,A,B,C
9113,G,OBC,DISTRICT2,A,C,B,C,D,C,D,D,D,C,B,C,D,C,C
9109,B,OBC,DISTRICT2,B,A,A,B,A,C,C,C,B,C,B,D,D,C,C
9105,G,OBC,DISTRICT2,D,B,C,B,A,A,D,A,B,C,B,C,B,D,A
9101,G,OBC,DISTRICT2,B,A,A,D,B,C,C,D,B,C,C,A,A,B,A
9097,B,SC,DISTRICT2,B,A,C,D,C,B,A,B,D,B,B,C,B,C,C
9093,B,ST,DISTRICT2,B,A,A,B,A,C,C,D,B,C,B,D,D,C,C
9085,B,SC,DISTRICT2,B,A,A,B,A,C,B,D,B,C,A,A,D,C,C
9081,B,OBC,DISTRICT2,A,A,A,B,B,A,C,D,A,D,B,B,C,D,A
9077,B,OBC,DISTRICT2,D,C,B,C,D,B,C,D,B,A,D,A,C,A,C
9073,G,OBC,DISTRICT2,A,C,D,B,D,B,D,D,D,A,A,D,A,C,A
9069,B,ST,DISTRICT2,B,C,C,C,B,A,C,D,B,C,B,D,B,C,C
9065,B,SC,DISTRICT2,B,C,A,B,C,C,B,A,D,A,C,B,D,A,B
9061,G,OBC,DISTRICT2,C,C,D,A,B,B,C,D,A,B,B,C,B,A,C
9057,G,OBC,DISTRICT2,D,B,C,D,D,A,C,D,B,D,A,D,A,B,A
9053,G,OBC,DISTRICT2,C,B,A,B,D,A,B,D,A,C,C,C,B,C,A
9049,G,OBC,DISTRICT2,D,B,A,B,D,A,D,A,C,D,A,A,D,A,A
9045,B,SC,DISTRICT2,B,C,B,B,D,C,D,C,D,D,A,B,A,D,D
8909,G,ST,DISTRICT2,D,C,B,D,D,C,C,D,B,C,D,D,B,C,D
8905,G,ST,DISTRICT2,D,C,A,B,A,C,C,A,B,D,D,C,A,B,C
8901,G,OBC,DISTRICT2,A,C,D,D,A,C,B,D,D,C,B,A,A,D,D
8897,G,OBC,DISTRICT2,D,D,A,B,A,B,C,D,B,C,B,D,D,D,D
8893,G,OBC,DISTRICT2,A,B,B,B,B,B,D,D,C,D,A,D,B,B,A
8889,G,OBC,DISTRICT2,D,C,C,B,D,C,D,A,C,A,B,D,A,D,D
8885,B,SC,DISTRICT2,D,C,C,B,D,C,,A,,A,B,D,A,D,D
8881,G,OBC,DISTRICT2,D,C,C,B,D,C,B,A,C,B,D,D,B,D,D
8877,G,OBC,DISTRICT2,D,A,D,C,D,D,D,A,B,C,B,B,D,A,A
8869,B,SC,DISTRICT2,B,C,A,B,D,D,D,D,D,B,A,B,D,C,D
8865,B,SC,DISTRICT2,C,D,B,C,A,A,C,A,C,B,B,A,B,B,C
8861,B,OBC,DISTRICT2,D,B,A,B,D,C,D,D,A,B,A,A,D,B,C
8857,B,SC,DISTRICT2,D,C,C,B,D,C,C,D,D,B,D,D,D,B,A
8853,G,OBC,DISTRICT2,D,C,B,B,B,B,B,D,B,C,C,B,D,B,C
8849,B,OBC,DISTRICT2,A,C,A,B,D,D,C,A,D,C,D,B,C,D,A
8845,B,OBC,DISTRICT2,D,B,A,B,D,D,C,D,C,C,C,D,D,D,B
8841,B,OBC,DISTRICT2,B,B,C,B,D,D,D,C,D,D,D,C,B,B,D
5449,G,OBC,DISTRICT4,B,C,B,B,D,C,C,D,B,C,C,A,A,A,A
5445,B,OBC,DISTRICT4,A,B,A,C,D,A,B,D,A,C,A,B,A,C,D
5441,B,SC,DISTRICT4,D,C,A,B,B,C,B,D,B,C,D,D,A,A,A
5437,B,SC,DISTRICT4,B,C,A,B,D,D,D,A,D,D,C,B,C,C,D
5433,B,SC,DISTRICT4,B,C,B,B,D,D,C,C,A,C,C,B,C,C,C
5429,B,SC,DISTRICT4,B,C,B,D,D,D,B,A,D,C,C,B,C,C,D
5425,G,SC,DISTRICT4,B,C,B,B,D,D,C,C,A,C,C,B,C,C,D
5421,B,SC,DISTRICT4,B,C,A,B,C,B,C,A,C,A,A,C,B,B,C
5417,B,SC,DISTRICT4,B,B,A,B,D,A,B,B,D,C,C,B,C,C,D
5413,B,SC,DISTRICT4,B,C,B,B,D,C,D,B,D,C,D,D,C,B,D
5409,B,OBC,DISTRICT4,B,A,C,B,D,C,D,B,D,C,B,A,C,C,A
5405,B,OBC,DISTRICT4,B,C,A,D,D,D,D,A,D,C,C,B,C,C,D
5401,G,ST,DISTRICT4,B,C,C,D,C,C,C,D,B,C,C,D,D,D,D
5397,B,SC,DISTRICT4,B,C,B,D,D,D,B,A,D,C,C,B,C,C,D
5393,B,SC,DISTRICT4,B,A,A,B,D,A,D,C,A,C,A,D,A,B,D
5389,B,OBC,DISTRICT4,B,C,C,D,D,D,C,C,A,C,C,B,C,C,C
5385,G,SC,DISTRICT4,D,A,D,C,D,C,D,D,B,C,C,B,B,C,C
5381,G,SC,DISTRICT4,B,C,B,B,D,D,C,C,A,C,C,B,C,C,D
5377,B,OBC,DISTRICT4,B,C,B,B,D,D,C,C,A,C,C,B,C,C,C
5373,G,SC,DISTRICT4,B,C,B,B,D,D,C,C,A,C,C,B,C,C,D
5369,B,SC,DISTRICT4,B,C,B,B,D,D,C,C,A,C,C,B,C,C,C
5365,B,GEN,DISTRICT4,B,C,C,D,D,D,C,C,A,C,C,B,C,C,C
5361,G,SC,DISTRICT4,B,C,B,B,D,D,C,C,A,C,C,B,C,C,D
5357,B,ST,DISTRICT4,C,B,A,B,B,A,C,B,C,C,B,C,A,D,D
5353,B,ST,DISTRICT4,B,C,C,D,D,D,C,C,D,C,C,C,C,C,C
5349,B,OBC,DISTRICT4,D,C,A,B,B,C,B,B,A,C,D,D,C,A,A
5345,G,SC,DISTRICT4,B,C,B,B,D,D,C,C,A,C,C,B,C,C,D
5341,B,OBC,DISTRICT4,B,B,C,B,D,C,A,C,D,A,A,A,A,B,A
5337,B,OBC,DISTRICT4,B,B,A,B,D,A,B,A,B,C,A,D,D,C,B
5333,G,OBC,DISTRICT4,D,C,B,B,D,C,C,D,B,C,C,D,D,D,D
5329,B,OBC,DISTRICT4,B,C,B,B,D,A,C,,D,B,C,A,D,C,D
5326,G,SC,DISTRICT4,D,C,B,B,D,C,C,D,A,C,C,A,D,C,A
5322,G,SC,DISTRICT4,D,B,B,B,D,C,C,D,A,C,C,A,D,C,A
5318,G,OBC,DISTRICT4,D,C,B,B,D,C,C,D,B,C,C,D,D,D,D
5314,B,OBC,DISTRICT4,B,C,B,B,D,A,C,B,D,B,C,A,D,C,D
5310,G,OBC,DISTRICT4,D,C,B,B,D,C,C,D,B,C,C,D,D,C,D
5306,B,OBC,DISTRICT4,B,C,B,B,D,A,C,,D,B,C,A,D,C,D
5302,B,SC,DISTRICT4,B,C,B,B,D,A,C,C,D,B,C,A,D,C,D
5298,B,OBC,DISTRICT4,B,B,A,B,D,A,B,A,B,C,A,D,D,C,B
5294,G,OBC,DISTRICT4,D,C,B,B,D,C,C,D,A,C,C,A,D,C,A
5290,G,OBC,DISTRICT4,D,C,D,A,B,C,C,D,D,C,B,D,D,C,B
5286,G,OBC,DISTRICT4,A,C,A,B,C,D,C,C,A,C,D,B,D,B,D
5282,B,GEN,DISTRICT4,A,C,A,C,C,D,C,C,C,D,B,B,D,B,D
5278,B,OBC,DISTRICT4,A,C,A,B,C,D,C,C,A,C,D,B,D,B,D
5274,G,OBC,DISTRICT4,A,C,A,B,C,D,C,C,A,C,B,B,D,B,D
5270,G,OBC,DISTRICT4,A,C,A,C,D,C,C,C,A,C,B,B,D,B,D
5266,G,OBC,DISTRICT4,A,C,A,B,C,D,C,C,A,C,B,B,D,B,D
5262,G,OBC,DISTRICT4,D,C,D,A,B,C,C,D,D,C,B,D,D,C,B
5258,G,OBC,DISTRICT4,A,C,A,B,C,D,C,C,A,C,B,B,D,B,D
5254,G,OBC,DISTRICT4,A,C,A,B,C,D,C,C,A,C,B,B,D,B,D
5250,G,OBC,DISTRICT4,D,C,D,B,D,C,B,D,C,B,B,B,B,B,C
5246,G,OBC,DISTRICT4,A,C,D,B,B,A,C,D,B,B,,B,D,B,D
5242,G,ST,DISTRICT4,D,C,D,B,D,C,B,D,C,D,B,B,B,B,C
5238,G,OBC,DISTRICT4,A,C,B,B,B,B,C,D,D,C,B,D,A,B,B
5234,B,OBC,DISTRICT4,B,A,B,A,A,D,C,C,B,C,D,B,D,C,D
5230,B,SC,DISTRICT4,A,C,A,B,C,D,C,C,A,C,B,B,D,B,D
5226,B,OBC,DISTRICT4,A,C,A,C,C,D,C,C,A,C,,B,D,B,D
5222,B,SC,DISTRICT4,B,A,B,B,B,C,B,C,D,C,C,B,D,B,B
5218,B,OBC,DISTRICT4,A,C,A,C,C,D,C,C,A,,B,B,D,B,D
5214,B,OBC,DISTRICT4,A,C,A,B,D,D,C,C,B,C,B,B,B,D,D
5209,B,SC,DISTRICT4,B,C,B,B,C,C,C,C,D,C,D,B,D,B,D
5205,B,SC,DISTRICT4,B,A,B,A,A,D,C,C,B,C,D,B,D,C,D
5201,B,OBC,DISTRICT4,A,C,A,C,C,D,C,C,A,C,B,B,D,B,D
5197,B,OBC,DISTRICT4,B,A,B,B,A,D,C,C,B,C,D,B,D,C,D
5193,B,ST,DISTRICT4,B,A,B,B,D,C,B,C,D,C,C,B,D,B,C
5189,B,OBC,DISTRICT4,B,A,B,A,A,D,C,C,B,C,D,B,D,C,D
5185,B,OBC,DISTRICT4,B,D,A,C,D,D,D,D,B,C,C,D,D,D,B
5181,B,ST,DISTRICT4,B,D,A,B,D,C,D,D,B,C,C,D,D,D,B
5176,B,OBC,DISTRICT4,B,A,B,A,A,D,C,C,B,C,D,B,D,D,D
5173,B,ST,DISTRICT4,,,B,,A,D,C,C,B,C,D,B,D,,D
5170,G,OBC,DISTRICT4,A,C,A,B,C,D,C,C,A,C,B,B,D,B,D
5166,G,SC,DISTRICT4,A,C,A,B,C,D,C,C,A,C,B,B,D,B,D
5162,B,GEN,DISTRICT4,A,C,A,C,C,D,C,C,C,D,B,B,D,B,D
5158,B,OBC,DISTRICT4,A,C,B,B,B,B,C,D,D,C,B,D,A,B,B
5154,B,OBC,DISTRICT4,D,C,D,A,B,C,C,,D,D,B,D,D,C,B
5150,B,SC,DISTRICT4,A,C,A,B,C,D,C,C,A,C,D,B,D,B,D
5146,B,OBC,DISTRICT4,A,C,A,B,C,D,C,C,A,C,D,B,D,B,D
5138,G,ST,DISTRICT4,A,C,A,B,C,D,C,C,A,C,D,B,D,B,D
5134,G,GEN,DISTRICT4,A,C,A,B,C,D,C,C,A,C,D,B,D,B,D
5130,G,OBC,DISTRICT4,D,B,B,C,D,C,D,C,D,C,D,D,B,B,A
5125,G,GEN,DISTRICT4,D,C,D,B,A,D,B,D,A,B,B,B,B,C,A
9842,G,OBC,DISTRICT2,D,B,D,B,A,B,A,C,B,D,D,C,B,B,A
9838,G,GEN,DISTRICT2,D,B,D,B,A,B,,C,C,D,A,B,D,B,D
9834,G,OBC,DISTRICT2,D,C,D,B,D,B,A,A,D,C,A,B,D,B,A
5122,G,OBC,DISTRICT4,D,C,D,A,A,D,B,A,A,B,D,D,A,C,A
5118,G,ST,DISTRICT4,D,C,B,B,A,D,C,D,D,A,A,C,D,C,D
5113,G,GEN,DISTRICT4,D,C,D,B,A,D,B,D,A,B,B,B,B,C,A
5109,G,OBC,DISTRICT4,D,C,D,B,D,D,B,D,A,B,B,B,B,C,A
5105,G,ST,DISTRICT4,D,C,D,B,D,A,B,D,C,C,B,C,D,B,D
5101,G,SC,DISTRICT4,A,C,B,B,A,D,B,D,B,B,B,B,C,C,D
5098,G,SC,DISTRICT4,A,B,A,B,A,C,C,D,A,B,C,A,B,B,C
5093,G,OBC,DISTRICT4,A,C,B,B,A,A,C,D,A,B,D,B,A,C,A
5089,G,OBC,DISTRICT4,D,C,D,B,D,C,B,D,A,B,B,C,B,C,C
5085,G,ST,DISTRICT4,A,C,,B,B,D,C,D,B,B,B,D,C,D,B
5081,G,ST,DISTRICT4,D,C,B,B,A,D,C,D,D,C,A,C,D,C,D
5079,G,SC,DISTRICT4,D,B,B,C,D,C,B,C,D,C,D,D,B,B,A
5074,G,OBC,DISTRICT4,A,C,B,B,A,D,B,D,B,B,B,B,C,C,D
5071,G,SC,DISTRICT4,D,C,C,B,D,B,C,D,C,B,B,A,D,D,B
5066,G,OBC,DISTRICT4,A,C,D,B,A,C,A,D,B,D,D,D,D,C,A
5061,G,ST,DISTRICT4,D,C,C,B,A,A,C,D,B,D,D,D,C,C,D
5059,G,ST,DISTRICT4,A,C,D,B,A,C,D,D,B,D,D,A,D,C,A
5055,G,OBC,DISTRICT4,A,C,B,B,A,D,,D,D,A,B,B,D,C,D
5051,G,OBC,DISTRICT4,B,C,D,B,B,C,C,D,D,D,B,A,D,D,A
5047,G,OBC,DISTRICT4,B,C,B,B,D,B,B,A,D,A,A,D,A,C,A
5043,G,ST,DISTRICT4,C,B,D,B,C,A,C,A,D,C,D,D,D,C,B
5039,G,ST,DISTRICT4,D,C,A,B,D,C,A,A,B,,C,D,D,D,A
5035,G,OBC,DISTRICT4,D,B,C,B,D,D,A,A,B,D,A,C,A,B,A
5031,G,GEN,DISTRICT4,D,C,C,B,B,C,C,D,C,B,B,D,B,C,C
5027,G,OBC,DISTRICT4,D,C,C,B,C,C,C,D,B,A,C,B,D,D,D
5023,G,ST,DISTRICT4,B,A,D,B,C,A,A,D,D,D,C,D,B,B,A
5019,G,OBC,DISTRICT4,B,C,D,B,B,C,C,D,D,D,B,A,D,,A
5015,G,SC,DISTRICT4,B,A,D,B,C,A,A,D,D,D,C,D,B,B,A
5011,G,ST,DISTRICT4,B,A,D,B,B,B,D,A,C,B,D,B,A,B,A
5007,G,SC,DISTRICT4,B,A,D,B,C,A,A,D,D,D,C,D,B,B,A
5003,G,GEN,DISTRICT4,B,C,D,B,B,C,C,D,D,D,B,A,D,C,A
4999,G,OBC,DISTRICT4,,C,B,B,D,A,D,D,D,D,C,D,A,D,A
4995,G,ST,DISTRICT4,D,C,C,B,C,C,C,D,B,A,C,B,D,D,D
4991,G,SC,DISTRICT4,B,C,D,B,B,C,C,D,D,D,B,A,D,C,A
4987,G,ST,DISTRICT4,D,C,C,B,D,A,C,A,B,D,D,C,D,B,D
4983,G,SC,DISTRICT4,B,C,D,B,B,A,D,A,A,D,B,A,A,,C
4979,G,ST,DISTRICT4,B,C,A,C,D,A,D,D,D,A,A,D,B,C,D
4975,G,OBC,DISTRICT4,D,C,C,B,B,C,C,D,C,B,B,D,B,C,C
4971,G,OBC,DISTRICT4,D,C,B,D,D,D,C,D,B,D,B,D,A,C,A
4967,B,ST,DISTRICT4,D,B,A,B,D,C,C,A,B,C,B,D,C,B,A
4963,G,OBC,DISTRICT4,D,C,B,D,D,D,B,D,B,D,B,D,A,B,A
4959,B,OBC,DISTRICT4,B,C,D,B,D,D,C,B,B,C,B,D,D,C,C
4955,G,OBC,DISTRICT4,C,B,B,C,A,A,D,D,B,A,D,A,C,C,A
4949,B,OBC,DISTRICT4,D,C,C,B,B,B,C,B,B,C,C,A,C,C,C
4945,G,OBC,DISTRICT4,D,C,C,B,D,C,B,D,C,C,C,B,D,C,A
4941,B,GEN,DISTRICT4,D,C,D,C,A,C,C,D,B,B,A,B,B,A,B
4937,G,OBC,DISTRICT4,D,C,,C,D,B,C,D,B,B,B,A,A,B,D
4933,G,OBC,DISTRICT4,B,B,C,B,D,B,B,D,C,D,B,B,A,D,A
4929,G,OBC,DISTRICT4,D,C,B,D,D,D,B,D,B,D,D,B,B,C,C
4925,G,OBC,DISTRICT4,B,C,D,C,A,B,A,D,D,B,A,C,B,C,A
4921,G,OBC,DISTRICT4,C,A,D,B,C,B,D,D,B,C,C,C,A,C,A
4917,G,OBC,DISTRICT4,B,A,C,B,B,C,C,A,B,C,B,A,D,C,A
4913,G,OBC,DISTRICT4,D,C,A,B,A,B,C,D,B,B,A,B,B,A,B
4909,G,SC,DISTRICT4,A,C,D,B,A,A,D,D,A,C,D,D,B,A,C
4904,G,SC,DISTRICT4,D,C,B,D,D,D,B,D,B,D,D,B,,C,C
4900,G,SC,DISTRICT4,D,C,B,D,D,D,A,D,B,A,D,D,B,B,A
4897,B,SC,DISTRICT4,B,C,A,B,D,D,D,D,A,C,D,D,B,D,A
4893,B,SC,DISTRICT4,B,A,A,A,D,C,B,D,D,C,B,A,A,D,A
4889,B,OBC,DISTRICT4,D,C,B,D,D,D,B,D,B,D,B,D,A,C,A
4885,B,OBC,DISTRICT4,D,C,B,D,D,D,C,D,B,D,B,D,A,C,A
4881,G,SC,DISTRICT4,B,C,D,B,,D,B,C,B,D,D,C,B,A,C
4877,B,SC,DISTRICT4,D,C,C,B,B,C,B,D,C,C,C,B,C,D,D
4872,B,SC,DISTRICT4,D,C,C,B,B,C,B,D,C,C,C,D,D,C,C
4868,B,OBC,DISTRICT4,D,C,C,B,B,C,B,D,C,C,C,D,D,C,C
4864,G,GEN,DISTRICT4,D,C,C,B,B,C,B,D,C,C,C,D,D,C,C
4860,G,OBC,DISTRICT4,D,A,B,D,B,A,A,D,A,D,D,B,D,A,C
4856,G,SC,DISTRICT4,D,C,B,C,D,B,C,D,B,B,B,A,A,B,A
4853,B,OBC,DISTRICT4,B,B,C,B,D,A,B,B,B,D,A,B,B,D,B
4848,G,OBC,DISTRICT4,B,C,A,B,A,C,B,A,D,A,A,A,A,B,A
4845,G,OBC,DISTRICT4,B,A,D,B,A,A,D,D,A,A,D,D,B,D,D
4841,G,GEN,DISTRICT4,C,A,D,B,C,B,D,D,B,C,A,C,B,D,A
4837,G,OBC,DISTRICT4,D,B,C,B,A,A,C,D,B,D,B,C,A,D,A
4833,G,OBC,DISTRICT4,D,C,D,C,A,B,C,D,B,B,A,B,B,A,B
4828,G,SC,DISTRICT4,B,C,D,B,A,D,A,A,C,A,C,B,B,B,A
4824,G,OBC,DISTRICT4,D,A,C,B,,D,A,D,D,A,B,B,A,C,A
4821,B,OBC,DISTRICT4,C,B,A,B,D,D,D,D,A,C,D,D,C,D,A
4817,G,SC,DISTRICT4,B,C,A,D,D,A,D,C,B,B,C,A,C,B,D
4813,B,OBC,DISTRICT4,B,A,A,A,D,C,B,D,D,C,B,A,A,D,A
4649,B,ST,DISTRICT4,A,B,C,C,D,C,D,D,A,D,B,D,D,D,D
4645,B,ST,DISTRICT4,B,C,A,B,A,B,C,D,B,D,A,A,C,B,A
4641,B,ST,DISTRICT4,B,A,B,,B,,C,D,A,C,,A,A,D,D
4636,B,ST,DISTRICT4,B,A,B,,B,C,C,D,A,C,D,D,C,D,D
4630,G,ST,DISTRICT4,B,A,B,,B,C,D,B,B,C,B,D,C,B,D
4628,B,ST,DISTRICT4,B,B,C,C,D,A,B,A,C,A,A,A,A,B,B
4625,B,ST,DISTRICT4,B,C,A,B,B,A,D,A,D,C,A,A,D,B,A
4621,B,ST,DISTRICT4,D,D,D,B,A,C,D,D,A,D,A,D,D,B,D
4616,B,ST,DISTRICT4,B,B,D,B,B,C,B,A,B,A,B,A,B,B,A
4612,B,ST,DISTRICT4,B,A,D,D,B,A,D,A,D,B,C,B,B,B,D
4608,G,ST,DISTRICT4,D,B,B,B,B,C,C,D,A,D,A,D,B,C,A
4604,G,ST,DISTRICT4,D,B,D,B,B,A,C,D,D,D,B,B,B,B,D
4600,B,ST,DISTRICT4,A,B,D,B,D,D,D,A,B,C,B,D,B,C,A
4596,B,ST,DISTRICT4,D,A,C,B,D,A,C,D,D,B,A,D,B,C,B
4592,G,ST,DISTRICT4,A,C,A,A,D,B,C,A,D,B,B,A,B,D,B
4588,G,ST,DISTRICT4,D,B,D,C,A,B,C,D,D,D,D,D,A,B,B
4584,B,ST,DISTRICT4,C,A,B,B,A,B,D,D,A,B,A,A,B,C,D
4579,G,ST,DISTRICT4,B,B,B,B,A,B,B,A,A,A,D,A,B,A,A
4575,G,ST,DISTRICT4,B,B,C,B,B,A,C,D,D,C,D,A,B,C,A
4571,G,ST,DISTRICT4,D,B,D,A,D,B,A,D,A,C,B,D,B,B,A
4567,G,ST,DISTRICT4,B,C,D,B,B,A,B,D,D,C,A,D,C,D,A
4563,B,ST,DISTRICT4,D,C,A,C,C,B,C,A,D,B,A,A,A,B,D
4559,G,ST,DISTRICT4,B,D,A,B,D,B,B,C,A,D,C,C,B,C,D
4555,G,ST,DISTRICT4,A,A,C,A,C,A,B,B,A,B,A,B,A,A,A
4551,G,ST,DISTRICT4,D,D,A,B,B,C,D,D,C,A,C,D,D,B,A
4547,B,ST,DISTRICT4,B,B,C,C,D,A,A,B,D,B,C,A,C,B,D
4543,G,ST,DISTRICT4,B,B,A,B,C,C,C,B,C,D,D,C,C,C,A
4540,B,ST,DISTRICT4,A,C,B,C,D,B,C,B,C,A,C,B,C,B,A
4536,B,ST,DISTRICT4,D,C,B,C,A,B,C,A,D,B,C,D,B,C,B
4532,G,ST,DISTRICT4,D,B,C,D,D,B,D,A,D,A,D,D,D,D,D
4529,G,ST,DISTRICT4,D,D,A,B,B,A,B,A,C,A,A,A,D,C,A
4524,B,ST,DISTRICT4,D,C,A,B,D,C,D,D,A,D,D,B,A,D,D
4519,B,ST,DISTRICT4,B,B,A,A,A,A,C,A,D,A,A,C,B,C,D
4515,B,ST,DISTRICT4,B,B,A,A,A,B,D,D,B,D,A,B,B,B,A
4511,B,ST,DISTRICT4,B,B,A,B,B,B,C,D,D,A,A,B,D,C,D
4507,B,ST,DISTRICT4,B,B,A,B,B,B,C,D,D,A,A,B,D,C,D
4503,G,ST,DISTRICT4,B,C,C,D,D,C,B,B,D,B,C,A,B,D,B
4499,G,ST,DISTRICT4,B,B,C,B,A,C,D,A,D,A,A,D,A,D,D
4495,B,ST,DISTRICT4,D,C,A,B,D,C,D,D,A,D,D,A,A,D,D
4491,G,ST,DISTRICT4,B,B,D,A,B,B,A,A,A,C,D,D,A,B,D
4488,G,ST,DISTRICT4,A,C,C,D,A,B,B,C,C,D,D,C,D,B,C
4484,G,ST,DISTRICT4,B,B,A,B,B,B,A,A,B,B,A,B,D,B,D
4481,G,ST,DISTRICT4,B,C,C,D,D,C,B,B,D,B,C,A,B,D,B
4475,B,ST,DISTRICT4,B,B,A,B,A,B,C,A,B,D,A,C,B,B,A
4471,B,ST,DISTRICT4,C,C,C,B,B,D,D,D,D,C,C,D,C,C,A
1805,G,SC,DISTRICT4,D,B,A,B,D,C,B,D,D,C,D,D,C,D,B
1801,G,OBC,DISTRICT4,B,C,B,C,A,A,B,A,B,C,A,D,B,C,A
1796,B,SC,DISTRICT4,C,C,D,B,C,D,D,D,A,A,B,B,D,B,D
1792,G,SC,DISTRICT4,B,C,C,D,A,D,D,A,D,D,D,D,D,C,A
1787,B,OBC,DISTRICT4,B,B,A,B,A,A,B,A,D,C,B,C,B,C,A
1783,G,SC,DISTRICT4,D,C,A,D,D,B,D,D,B,C,D,B,D,C,A
1779,B,OBC,DISTRICT4,D,A,D,B,D,D,A,D,D,D,D,B,B,C,A
1775,B,OBC,DISTRICT4,D,D,A,B,B,D,B,D,D,A,D,D,A,C,A
1771,G,OBC,DISTRICT4,B,C,C,C,D,C,D,D,D,C,B,A,C,C,A
1767,G,OBC,DISTRICT4,B,C,C,C,D,C,D,D,D,C,B,A,C,B,C
1763,G,ST,DISTRICT4,B,B,B,D,B,B,D,D,B,B,A,D,D,A,A
1759,G,GEN,DISTRICT4,D,C,D,,A,C,B,A,C,B,A,C,D,C,B
1755,G,ST,DISTRICT4,D,A,D,B,D,B,C,D,A,C,D,B,B,C,B
1751,G,ST,DISTRICT4,D,D,C,B,D,D,B,D,A,D,A,A,C,B,A
1747,G,SC,DISTRICT4,C,A,D,B,B,A,B,D,B,C,A,C,B,C,A
1743,G,ST,DISTRICT4,C,D,D,A,B,A,C,B,A,D,B,D,C,B,A
1739,G,ST,DISTRICT4,C,C,B,A,C,D,C,A,C,B,,C,,B,D
1735,G,ST,DISTRICT4,C,C,A,B,D,A,A,D,D,B,B,D,D,C,A
1731,G,OBC,DISTRICT4,B,B,D,C,A,B,C,D,B,C,A,D,B,C,A
1727,G,ST,DISTRICT4,A,B,C,B,D,C,B,A,A,D,A,C,B,D,B
1723,G,OBC,DISTRICT4,C,C,B,C,A,B,C,B,D,A,D,C,A,B,A
1719,G,ST,DISTRICT4,B,B,D,A,A,D,C,A,D,B,A,C,B,B,A
1715,G,ST,DISTRICT4,B,C,B,C,A,C,D,C,D,C,A,D,A,C,B
1713,G,OBC,DISTRICT4,B,C,D,B,D,C,A,D,C,B,B,A,C,B,D
1709,G,SC,DISTRICT4,B,A,B,C,A,C,B,C,B,A,B,A,D,B,C
1702,B,OBC,DISTRICT4,D,A,A,B,A,C,C,D,C,D,A,D,D,C,A
1699,B,OBC,DISTRICT4,C,B,A,D,A,D,C,A,A,D,B,D,B,C,D
1697,G,ST,DISTRICT4,B,B,A,D,A,D,C,A,D,D,D,B,C,A,D
1693,B,SC,DISTRICT4,A,B,D,D,D,C,C,D,B,B,A,C,C,A,B
1689,G,ST,DISTRICT4,C,A,B,D,B,A,D,D,A,C,C,B,D,C,B
1685,B,GEN,DISTRICT4,,B,D,B,C,,B,,A,C,,B,A,C,A
1679,G,OBC,DISTRICT4,D,B,D,C,B,A,A,D,A,D,A,D,D,A,A
3458,B,OBC,DISTRICT3,A,C,D,D,C,D,B,D,D,C,C,D,D,C,D
3454,B,SC,DISTRICT3,A,C,A,B,B,D,B,A,B,C,B,A,A,B,C
3450,B,OBC,DISTRICT3,D,A,A,B,D,C,C,D,D,C,D,B,B,C,C
3446,B,GEN,DISTRICT3,D,A,A,B,D,C,C,D,D,C,D,B,B,C,C
3442,B,OBC,DISTRICT3,D,B,C,B,D,D,D,D,D,C,B,D,D,C,B
3438,B,SC,DISTRICT3,C,B,C,A,D,B,A,C,A,B,B,D,C,B,A
3434,B,OBC,DISTRICT3,A,C,C,B,D,B,C,C,D,B,D,A,A,B,C
3426,B,OBC,DISTRICT3,D,A,A,B,D,C,C,D,D,C,D,B,B,C,C
3418,B,SC,DISTRICT3,C,B,A,D,D,B,B,A,C,D,B,C,A,A,D
3414,B,OBC,DISTRICT3,B,A,D,C,B,B,C,D,A,D,B,D,A,C,B
3410,B,SC,DISTRICT3,B,B,B,B,D,C,D,D,A,D,B,D,A,C,D
3406,B,OBC,DISTRICT3,C,B,A,B,D,B,D,D,B,D,A,D,D,D,A
3398,B,SC,DISTRICT3,C,B,A,B,C,A,B,B,D,A,C,A,B,C,B
3394,B,SC,DISTRICT3,B,B,C,A,A,A,C,B,B,C,A,C,A,B,B
3390,B,ST,DISTRICT3,B,A,D,A,,A,B,C,B,D,A,A,C,A,A
3386,B,OBC,DISTRICT3,B,A,C,D,B,B,C,A,D,C,A,C,A,D,B
3382,B,OBC,DISTRICT3,B,C,B,D,A,A,D,A,C,D,C,D,A,B,A
3378,B,OBC,DISTRICT3,C,B,A,D,D,A,C,D,D,C,C,A,B,A,A
3374,B,OBC,DISTRICT3,C,B,A,B,D,A,C,D,D,C,C,A,A,B,D
3370,B,SC,DISTRICT3,A,B,C,D,A,A,D,D,D,C,D,B,A,D,D
3366,B,OBC,DISTRICT3,B,B,D,B,A,B,A,C,B,D,A,D,B,C,A
3362,B,SC,DISTRICT3,A,B,C,D,B,A,B,C,D,A,B,B,B,C,D
3358,B,OBC,DISTRICT3,D,B,D,A,A,A,B,A,D,C,B,D,A,B,B
3354,B,SC,DISTRICT3,B,B,B,B,B,A,C,B,C,B,D,C,B,D,B
3350,B,OBC,DISTRICT3,D,B,D,D,C,C,B,C,D,C,B,C,C,C,D
3346,B,GEN,DISTRICT3,A,B,C,D,A,A,D,D,D,C,D,B,A,D,D
3342,B,SC,DISTRICT3,A,B,C,D,A,A,D,D,D,C,D,B,A,D,D
3338,B,OBC,DISTRICT3,B,C,A,C,D,A,D,B,A,C,C,B,D,D,A
3334,B,SC,DISTRICT3,B,A,A,B,D,A,B,A,B,A,A,A,B,B,D
3330,B,OBC,DISTRICT3,B,B,C,A,A,A,C,B,B,C,A,C,A,B,B
3326,B,OBC,DISTRICT3,B,B,C,A,A,A,C,B,B,C,A,C,A,B,B
3322,B,ST,DISTRICT3,B,B,C,A,A,A,C,B,B,C,A,C,A,B,B
3318,B,OBC,DISTRICT3,B,B,C,A,A,A,C,B,B,C,A,C,A,B,B
3314,B,SC,DISTRICT3,A,B,C,B,A,D,A,B,A,C,D,D,B,A,A
3306,B,ST,DISTRICT3,A,B,A,A,D,C,A,B,D,B,C,B,C,C,A
3302,B,OBC,DISTRICT3,A,C,A,B,B,B,D,C,B,C,C,A,B,C,
3298,B,OBC,DISTRICT3,A,B,B,D,D,C,B,A,C,A,D,D,C,A,A
3294,B,SC,DISTRICT3,C,B,B,D,C,C,D,A,D,D,C,C,,A,C
3290,B,SC,DISTRICT3,B,B,C,C,D,D,D,B,C,B,A,A,C,B,C
3286,B,SC,DISTRICT3,B,A,C,D,B,C,B,D,C,A,B,C,B,D,A
3283,B,OBC,DISTRICT3,A,C,A,B,B,B,D,C,B,C,C,A,B,C,A
3278,B,SC,DISTRICT3,A,C,A,B,B,B,D,C,B,C,C,A,B,C,A
3275,B,ST,DISTRICT3,B,B,C,C,C,A,D,D,D,B,D,A,D,C,A
3271,B,ST,DISTRICT3,B,C,A,B,D,D,B,C,B,A,A,B,D,C,B
3266,B,SC,DISTRICT3,A,C,B,B,B,C,D,D,B,A,C,D,A,D,B
3263,B,SC,DISTRICT3,C,B,D,B,D,A,C,A,C,B,B,D,C,B,A
3258,B,SC,DISTRICT3,A,C,B,B,A,C,D,D,D,C,A,C,B,D,A
3254,B,GEN,DISTRICT3,A,C,A,B,B,B,D,C,B,C,C,A,B,C,A
3250,B,OBC,DISTRICT3,A,C,A,B,B,B,D,C,B,C,C,A,B,C,A
3246,B,ST,DISTRICT3,A,D,D,B,B,C,D,D,B,A,B,B,C,C,A
3244,B,OBC,DISTRICT3,D,A,D,B,D,C,D,D,D,D,C,B,C,C,D
3239,B,OBC,DISTRICT3,A,C,B,B,A,C,D,D,B,A,C,D,A,D,D
3234,B,SC,DISTRICT3,A,C,B,D,A,C,D,D,B,A,C,D,A,D,D
3232,B,GEN,DISTRICT3,A,C,B,D,A,C,D,D,B,A,C,D,A,D,D
3226,B,OBC,DISTRICT3,C,A,D,A,A,C,C,B,D,B,C,B,D,C,A
3223,B,ST,DISTRICT3,A,C,D,C,D,C,D,C,B,A,C,B,D,A,B
3221,B,SC,DISTRICT3,B,B,C,C,C,A,D,D,D,C,D,C,D,C,D
3217,B,ST,DISTRICT3,A,C,D,B,B,C,D,C,B,A,B,B,C,C,A
3211,B,GEN,DISTRICT3,A,C,A,B,B,C,C,A,B,C,D,C,C,B,A
3207,B,OBC,DISTRICT3,B,C,A,C,A,B,A,A,B,A,A,B,A,B,C
3202,B,SC,DISTRICT3,C,B,D,B,B,C,D,C,A,B,C,B,C,A,C
3199,B,OBC,DISTRICT3,D,B,D,C,D,D,C,D,B,A,C,B,C,D,D
3195,B,OBC,DISTRICT3,B,C,A,B,D,D,A,D,A,C,D,B,A,A,D
3191,B,GEN,DISTRICT3,A,C,D,B,D,C,D,C,B,A,C,D,D,D,A
3187,B,OBC,DISTRICT3,A,C,B,D,A,C,D,D,B,A,C,A,A,D,A
3182,B,GEN,DISTRICT3,A,C,B,B,A,C,D,D,B,A,C,D,A,D,D
3178,B,OBC,DISTRICT3,A,B,C,B,C,A,C,A,C,B,A,B,C,B,A
3175,B,ST,DISTRICT3,A,C,B,D,A,C,D,B,A,D,C,D,A,D,D
3171,B,OBC,DISTRICT3,A,C,A,B,D,B,C,,B,D,A,B,C,D,C
3167,B,OBC,DISTRICT3,B,C,B,C,B,A,B,A,C,D,B,B,A,C,D
3162,B,SC,DISTRICT3,B,C,B,C,B,C,A,B,D,B,A,C,B,C,A
3158,B,OBC,DISTRICT3,B,C,B,C,D,A,C,D,C,B,C,D,D,D,A
3154,B,OBC,DISTRICT3,B,B,A,B,D,A,C,D,C,A,B,B,C,C,A
3150,B,OBC,DISTRICT3,B,C,B,A,A,C,B,B,B,B,B,C,D,C,B
3146,B,OBC,DISTRICT3,B,B,C,D,C,B,B,C,D,C,C,B,C,B,C
3143,G,OBC,DISTRICT3,D,C,D,A,A,A,D,D,B,A,C,C,D,B,A
3139,B,OBC,DISTRICT3,D,C,D,B,D,A,C,D,B,C,B,D,D,D,D
3134,B,OBC,DISTRICT3,D,C,D,B,D,A,C,D,B,C,B,D,D,D,D
3131,B,SC,DISTRICT3,C,B,B,A,B,A,B,D,A,D,D,D,B,C,D
3128,B,SC,DISTRICT3,D,A,C,B,A,C,A,B,A,C,D,D,B,D,D
3125,B,OBC,DISTRICT3,A,C,C,B,D,A,A,B,D,D,B,C,C,C,A
3121,G,OBC,DISTRICT3,A,C,B,B,D,C,B,D,D,B,D,B,D,C,D
3117,G,SC,DISTRICT3,D,C,B,D,B,B,D,D,B,C,A,D,D,B,A
3113,G,OBC,DISTRICT3,D,C,,B,A,D,C,D,B,,C,D,B,,C
3109,B,OBC,DISTRICT3,B,C,B,A,A,D,A,B,D,B,D,B,C,C,D
3105,B,SC,DISTRICT3,C,B,B,A,B,A,B,D,A,D,D,D,B,C,D
3101,G,SC,DISTRICT3,D,B,B,A,B,C,A,A,D,A,D,D,B,C,D
3097,G,OBC,DISTRICT3,D,A,C,A,B,C,A,,D,A,D,C,D,C,A
3092,G,SC,DISTRICT3,A,C,B,B,D,C,B,D,D,B,D,B,D,C,D
3088,B,SC,DISTRICT3,A,A,D,B,D,A,D,A,A,C,B,C,,A,B
3083,B,GEN,DISTRICT3,D,C,B,C,B,A,D,C,D,,A,A,B,C,B
3078,B,SC,DISTRICT3,B,C,A,B,A,D,A,B,D,B,D,B,C,C,D
3074,B,SC,DISTRICT3,B,C,A,B,A,D,A,B,D,B,D,B,C,C,D
3071,B,OBC,DISTRICT3,B,C,B,B,B,C,D,A,B,B,B,A,D,C,C
3067,B,SC,DISTRICT3,D,A,A,D,B,C,C,A,A,C,B,A,A,D,A
3062,B,OBC,DISTRICT3,D,A,A,D,B,C,C,A,A,C,D,B,D,C,D
3058,B,OBC,DISTRICT3,B,A,D,C,B,A,D,B,B,D,A,C,D,A,C
3054,G,OBC,DISTRICT3,D,C,D,B,B,B,C,D,B,A,D,D,C,C,A
3050,B,ST,DISTRICT3,D,C,D,B,B,B,C,B,D,B,D,D,C,C,A
3046,B,SC,DISTRICT3,D,A,A,D,B,,C,A,A,C,B,A,A,D,A
3042,B,GEN,DISTRICT3,D,A,A,D,B,C,C,A,A,C,B,A,A,D,A
3038,B,OBC,DISTRICT3,D,A,C,D,B,B,C,A,A,D,B,A,A,D,A
3034,B,SC,DISTRICT3,D,A,C,B,D,C,D,A,B,B,B,D,B,D,C
3033,B,GEN,DISTRICT3,D,C,D,B,D,A,C,D,B,C,D,D,D,D,D
3029,B,SC,DISTRICT3,D,C,D,B,D,A,C,D,B,C,D,D,D,D,D
3025,B,OBC,DISTRICT3,D,D,C,A,A,D,D,A,B,A,A,D,B,B,D
3021,B,OBC,DISTRICT3,D,C,D,B,D,A,C,D,B,C,B,D,D,D,D
3015,B,ST,DISTRICT3,B,B,,B,B,D,B,D,D,C,D,B,C,C,A
3013,B,SC,DISTRICT3,A,B,D,D,A,C,D,D,D,A,B,A,C,D,A
3009,B,OBC,DISTRICT3,D,C,D,B,D,A,C,D,B,C,B,D,D,D,D
3004,B,SC,DISTRICT3,D,C,D,B,D,A,C,D,B,C,D,D,D,D,A
2998,B,ST,DISTRICT3,D,D,C,A,A,D,D,A,B,A,A,D,B,B,D
2994,B,ST,DISTRICT3,D,C,C,B,D,C,C,D,C,D,D,A,D,B,D
2990,B,ST,DISTRICT3,D,A,C,B,A,C,D,D,B,C,D,D,D,B,D
2987,G,OBC,DISTRICT3,D,C,D,B,B,C,C,D,B,A,D,B,D,C,D
2983,B,OBC,DISTRICT3,D,A,D,B,D,C,D,D,D,B,D,B,B,C,D
2979,G,OBC,DISTRICT3,D,B,D,A,A,C,C,C,D,D,B,D,D,B,A
2975,B,OBC,DISTRICT3,D,B,D,B,D,D,C,D,D,A,D,D,B,D,D
2971,G,OBC,DISTRICT3,B,C,D,B,D,D,C,D,D,D,D,B,B,C,D
2966,B,OBC,DISTRICT3,B,D,D,B,D,D,C,D,D,D,D,B,B,C,D
2963,B,OBC,DISTRICT3,B,D,D,B,D,D,C,D,D,C,D,D,B,C,C
2960,G,OBC,DISTRICT3,B,C,D,B,D,D,A,A,D,A,D,B,D,C,D
2953,B,OBC,DISTRICT3,B,C,D,B,,D,C,D,D,D,D,B,C,C,D
2949,B,SC,DISTRICT3,B,D,D,B,D,D,C,D,D,C,D,B,C,C,D
2945,B,ST,DISTRICT3,B,D,D,B,D,D,C,D,D,C,D,B,B,C,C
2941,G,OBC,DISTRICT3,B,C,D,B,D,D,A,A,D,A,D,B,D,C,B
2937,G,SC,DISTRICT3,B,C,A,C,B,A,A,D,D,C,D,B,B,C,A
2933,B,OBC,DISTRICT3,B,C,A,C,B,A,A,D,D,C,D,B,B,C,D
2929,B,SC,DISTRICT3,B,B,D,A,B,A,C,D,B,C,A,A,D,B,D
2925,B,OBC,DISTRICT3,B,C,A,B,B,A,A,D,D,C,D,B,B,C,A
2921,G,OBC,DISTRICT3,B,C,A,C,B,B,A,C,D,B,D,B,C,B,A
2917,G,GEN,DISTRICT3,B,C,A,C,B,A,A,D,D,C,D,B,B,C,A
2913,B,OBC,DISTRICT3,B,C,A,C,B,A,A,D,D,A,D,B,B,C,A
2908,G,OBC,DISTRICT3,B,C,D,B,A,C,C,D,B,D,C,A,B,D,A
2904,B,OBC,DISTRICT3,B,C,D,B,B,A,A,D,D,C,D,B,B,C,A
2900,G,OBC,DISTRICT3,D,A,D,B,D,C,D,A,A,A,C,D,C,D,A
2896,G,SC,DISTRICT3,D,B,C,B,D,C,D,D,D,A,C,B,B,C,D
2892,G,OBC,DISTRICT3,D,B,C,B,D,C,D,D,D,A,C,B,B,C,D
2888,G,OBC,DISTRICT3,C,B,C,B,B,C,D,D,D,A,C,B,C,C,D
2884,G,SC,DISTRICT3,C,C,C,B,B,C,C,D,D,A,C,B,A,C,D
2880,G,OBC,DISTRICT3,C,B,C,B,A,C,C,D,D,A,C,B,A,C,D
2876,B,OBC,DISTRICT3,D,C,A,B,D,C,C,D,D,A,C,B,B,C,D
2872,B,OBC,DISTRICT3,D,C,A,B,D,C,D,A,A,A,C,D,C,D,A
2868,B,OBC,DISTRICT3,B,C,A,B,D,A,C,D,D,A,C,A,A,B,C
2864,G,SC,DISTRICT3,A,C,C,B,D,A,D,D,D,A,B,B,A,C,D
2860,G,OBC,DISTRICT3,B,C,D,B,C,A,D,D,D,D,C,B,A,C,D
2856,B,OBC,DISTRICT3,D,C,C,B,C,A,D,D,D,A,C,B,D,C,D
2852,B,SC,DISTRICT3,B,D,B,B,D,D,C,A,D,D,B,B,C,C,D
2848,B,SC,DISTRICT3,D,B,A,B,B,D,C,D,D,B,D,D,B,B,B
2843,G,SC,DISTRICT3,A,C,A,B,D,A,C,D,D,D,B,A,A,B,D
2838,B,SC,DISTRICT3,B,B,B,B,D,A,D,D,B,D,D,C,D,D,D
2835,B,SC,DISTRICT3,D,B,C,B,C,A,D,D,D,A,C,B,D,C,D
2831,B,OBC,DISTRICT3,B,A,D,B,A,A,D,A,D,A,A,C,B,A,A
2827,B,OBC,DISTRICT3,D,C,B,B,A,C,D,D,A,C,B,D,C,D,A
6069,G,SC,DISTRICT3,D,C,C,B,D,C,B,D,B,A,D,D,B,C,A
6065,G,OBC,DISTRICT3,A,C,C,B,B,B,C,D,C,D,D,A,A,D,D
6061,G,SC,DISTRICT3,D,C,C,B,D,C,B,D,B,C,D,D,B,C,A
6057,G,OBC,DISTRICT3,A,C,C,B,B,B,A,B,D,B,B,D,A,D,D
6053,G,OBC,DISTRICT3,D,C,D,D,C,B,D,B,B,A,D,D,B,C,B
6049,G,ST,DISTRICT3,A,C,D,D,C,B,D,C,C,D,D,D,C,C,D
6045,G,OBC,DISTRICT3,A,C,D,D,C,B,D,C,C,D,D,D,C,C,D
6041,B,OBC,DISTRICT3,D,B,C,D,C,A,D,D,B,A,B,C,C,C,C
6038,B,OBC,DISTRICT3,A,C,D,B,D,C,D,D,D,C,C,B,D,C,D
6031,B,SC,DISTRICT3,A,C,D,B,D,C,D,D,D,C,C,B,D,C,D
6030,G,OBC,DISTRICT3,D,C,D,D,D,C,B,D,C,B,D,D,B,C,B
6025,G,OBC,DISTRICT3,A,B,C,D,C,D,B,A,B,D,B,D,B,D,B
6021,G,OBC,DISTRICT3,D,C,D,D,D,C,B,D,B,A,D,D,B,C,B
6017,G,ST,DISTRICT3,D,C,D,D,C,D,D,B,B,A,D,D,B,C,B
6012,G,ST,DISTRICT3,D,,,B,,D,D,B,A,C,D,D,,C,
6008,G,SC,DISTRICT3,D,C,D,D,C,B,D,B,B,A,D,D,B,C,B
6004,G,OBC,DISTRICT3,D,B,C,C,A,D,D,B,,,A,B,C,C,C
5999,G,OBC,DISTRICT3,D,C,D,D,C,B,D,B,B,A,D,D,B,C,B
5995,B,OBC,DISTRICT3,D,C,D,D,C,B,D,B,B,A,D,D,A,B,A
5991,B,SC,DISTRICT3,A,B,C,D,B,D,B,C,A,B,A,A,B,C,D
5987,B,SC,DISTRICT3,D,C,D,D,C,B,D,B,B,A,D,D,A,B,A
5983,B,SC,DISTRICT3,A,B,C,A,C,D,B,C,C,D,A,D,B,C,C
5979,B,SC,DISTRICT3,D,C,B,B,C,C,C,D,B,,D,A,B,B,D
5975,B,OBC,DISTRICT3,D,C,D,B,D,B,A,A,D,A,A,B,B,C,A
5971,B,OBC,DISTRICT3,D,C,D,B,D,B,A,A,D,A,A,B,B,C,A
5967,B,SC,DISTRICT3,D,C,B,B,C,C,C,D,B,D,D,A,B,B,D
5963,B,OBC,DISTRICT3,D,C,B,B,B,D,C,C,D,B,D,A,B,B,D
5959,B,SC,DISTRICT3,D,C,B,B,C,C,C,D,B,D,D,A,B,B,D
5955,G,OBC,DISTRICT3,D,C,B,B,C,C,C,D,B,D,D,A,B,B,D
5951,G,OBC,DISTRICT3,C,B,C,B,B,C,B,D,B,C,B,B,B,D,A
5948,B,SC,DISTRICT3,B,C,D,B,D,B,C,D,B,D,D,A,B,B,D
5939,B,OBC,DISTRICT3,D,C,B,B,C,C,C,D,B,D,D,A,B,B,D
5935,B,ST,DISTRICT3,D,C,C,B,C,C,C,D,B,C,D,A,B,B,D
5931,B,OBC,DISTRICT3,D,B,B,C,,B,B,D,B,D,D,A,B,B,
5928,B,OBC,DISTRICT3,D,C,B,B,C,B,C,D,C,D,D,A,B,B,D
5924,B,OBC,DISTRICT3,D,C,B,B,C,C,C,D,B,D,D,A,B,B,D
5919,B,SC,DISTRICT3,D,C,C,B,C,C,C,D,B,D,D,A,B,B,D
5915,B,SC,DISTRICT3,,,,C,,D,C,C,D,B,D,A,B,B,D
5905,B,OBC,DISTRICT3,B,C,B,B,D,C,C,D,A,A,A,D,C,B,A
5901,B,ST,DISTRICT3,D,C,A,B,B,D,C,D,A,A,B,B,D,C,D
5898,B,OBC,DISTRICT3,A,B,A,D,A,A,C,A,B,D,C,A,C,A,D
5894,B,SC,DISTRICT3,B,C,A,B,D,A,C,A,A,B,D,C,D,B,D
5889,B,SC,DISTRICT3,B,C,B,B,D,C,C,D,A,A,A,D,C,B,A
5886,B,OBC,DISTRICT3,A,C,D,B,A,B,B,D,A,A,C,D,B,A,A
5882,B,SC,DISTRICT3,A,C,D,C,B,C,C,D,B,A,D,D,D,A,A
5878,B,SC,DISTRICT3,B,C,A,B,D,A,C,A,A,B,D,C,D,B,D
5874,B,SC,DISTRICT3,A,C,D,D,B,A,A,B,C,D,B,C,B,C,A
5870,B,SC,DISTRICT3,A,C,D,B,C,C,C,D,B,A,D,D,D,A,A
5866,G,ST,DISTRICT3,B,A,B,B,D,A,D,D,B,D,C,B,D,B,A
5862,G,ST,DISTRICT3,C,A,A,B,C,B,B,A,B,D,D,D,D,B,A
5858,B,SC,DISTRICT3,A,C,B,B,C,C,D,B,B,D,D,B,B,C,B
5854,B,SC,DISTRICT3,A,C,B,B,C,A,C,B,D,B,B,B,B,C,D
5849,B,SC,DISTRICT3,B,C,D,D,A,C,D,A,B,D,A,C,B,D,A
5845,B,OBC,DISTRICT3,A,C,A,B,A,A,B,D,A,A,A,B,B,B,B
5841,G,OBC,DISTRICT3,D,B,D,B,B,A,A,D,D,A,B,B,D,C,B
5837,B,SC,DISTRICT3,D,D,C,B,C,A,D,D,C,D,C,B,D,A,C
5833,B,OBC,DISTRICT3,D,C,C,B,B,C,B,D,A,B,D,D,B,C,D
5829,B,OBC,DISTRICT3,C,B,B,C,D,A,B,C,B,D,D,B,A,C,D
5825,B,SC,DISTRICT3,D,B,D,B,B,A,A,D,D,A,B,B,D,C,B
5823,B,OBC,DISTRICT3,D,C,C,B,B,C,D,D,A,B,D,D,C,C,B
5820,B,ST,DISTRICT3,B,C,C,B,D,B,D,A,D,D,B,D,D,B,A
5816,B,SC,DISTRICT3,D,C,C,B,D,A,D,A,D,A,B,D,D,C,D
5811,B,SC,DISTRICT3,D,D,C,B,C,A,D,D,C,D,C,B,D,A,C
5807,B,OBC,DISTRICT3,B,A,C,B,A,C,C,A,A,C,A,D,C,C,D
5804,G,OBC,DISTRICT3,B,A,C,B,A,C,C,A,A,C,A,D,D,C,D
5799,G,SC,DISTRICT3,B,A,C,B,A,C,C,A,A,C,A,D,C,C,D
5795,G,OBC,DISTRICT3,B,B,A,B,A,A,D,D,B,D,A,A,B,D,A
5790,G,ST,DISTRICT3,B,C,A,B,D,A,D,C,D,C,A,D,C,D,D
5787,G,SC,DISTRICT3,B,A,C,B,D,C,D,A,D,B,A,D,C,C,D
5784,G,SC,DISTRICT3,B,A,C,B,D,C,D,A,D,C,A,D,C,C,D
5780,G,OBC,DISTRICT3,B,A,C,B,D,C,D,A,D,C,A,D,C,C,D
5776,G,ST,DISTRICT3,D,A,A,B,C,B,B,D,B,D,D,D,D,B,A
5772,G,SC,DISTRICT3,D,A,A,B,C,B,B,A,B,D,D,D,D,B,A
5768,B,SC,DISTRICT3,A,C,D,B,C,C,C,D,B,A,D,D,D,A,A
5764,B,OBC,DISTRICT3,A,B,C,D,C,B,A,B,C,D,B,C,A,C,D
5760,B,OBC,DISTRICT3,C,B,C,B,D,A,C,A,D,D,B,B,B,A,D
